Brand,Name,Type,Price,Image
Yves Saint Laurent,Y,woda perfumowana dla mężczyzn,"421,30",https://cdn.notinoimg.com/list_2k//yves-saint-laurent/9005803473663_01-o__181025.jpg
Armani,Emporio Stronger With You Intensely,woda perfumowana dla mężczyzn,"289,10",https://cdn.notinoimg.com/list_2k//armani/3614272225718_01-o__190118.jpg
Versace,Eros,woda toaletowa dla mężczyzn,"199,00",https://cdn.notinoimg.com/list_2k//versace/8011003809219_02-o__130429.jpg
Versace,Pour Homme,woda toaletowa dla mężczyzn,"224,30",https://cdn.notinoimg.com/list_2k//versace/8011003995967-o__130123.jpg
Narciso Rodriguez,for him Bleu Noir,woda perfumowana dla mężczyzn,"302,10",https://cdn.notinoimg.com/list_2k//narciso-rodriguez/3423478807655_01__180813.jpg
NOVELLISTA,Unique Wood,woda perfumowana unisex,"428,00",https://cdn.notinoimg.com/list_2k//novellista/novellista-unique_wood_01-o__201006.jpg
Montblanc,Explorer,woda perfumowana dla mężczyzn,"166,60",https://cdn.notinoimg.com/list_2k//montblanc/3386460101042_01-o__190411.jpg
Armani,Acqua di Giò Parfum,perfumy dla mężczyzn,"332,60",https://cdn.notinoimg.com/list_2k//armani/3614273906470_01-o__230504.jpg
Jean Paul Gaultier,Scandal Pour Homme,woda toaletowa flakon napełnialny dla mężczyzn,"269,90",https://cdn.notinoimg.com/list_2k//jean-paul-gaultier/8435415030885_01-o__210720.jpg
Lattafa,Khamrah,woda perfumowana unisex 100 ml,"175,00",https://cdn.notinoimg.com/list_2k//lattafa/6291108737194_01-o__220926.jpg
Jaguar,Classic Black,woda toaletowa dla mężczyzn,"42,50",https://cdn.notinoimg.com/list_2k//jaguar/3562700373169_01-o__200323.jpg
Bentley,For Men Intense,woda perfumowana dla mężczyzn 100 ml,"138,80",https://cdn.notinoimg.com/list_2k//bentley/7640111497547x_01-o__130605.jpg
Lattafa,Asad,woda perfumowana dla mężczyzn 100 ml,"125,00",https://cdn.notinoimg.com/list_2k//lattafa/6291108735411_01-o__220926.jpg
Hugo Boss,BOSS Bottled,woda toaletowa dla mężczyzn,"187,20",https://cdn.notinoimg.com/list_2k//hugo-boss/hugno6m_aedt10_03-o__230425.jpg
Rabanne,Invictus,woda toaletowa dla mężczyzn,"93,60",https://cdn.notinoimg.com/list_2k//paco-rabanne/3349668515660_01-o__130905.jpg
Guess,Seductive Homme Noir,woda toaletowa dla mężczyzn,"77,80",https://cdn.notinoimg.com/list_2k//guess/085715320377_01-o__191125.jpg
Versace,Eros,woda perfumowana dla mężczyzn,"269,00",https://cdn.notinoimg.com/list_2k//versace/8011003861224_01-o__201025.jpg
Calvin Klein,CK One,woda toaletowa unisex,"135,70",https://cdn.notinoimg.com/list_2k//calvin-klein/088300607433_02-o__130515.jpg
David Beckham,Classic Blue,woda toaletowa dla mężczyzn,"60,70",https://cdn.notinoimg.com/list_2k//david-beckham/3616303461980_01-o__230208.jpg
Jimmy Choo,Man Ice,woda toaletowa dla mężczyzn,"180,20",https://cdn.notinoimg.com/list_2k//jimmy-choo/3386460082174_02-o__170509.jpg
Rabanne,1 Million Parfum,perfumy dla mężczyzn,"302,90",https://cdn.notinoimg.com/list_2k//paco-rabanne/3349668579839_01-o__230202.jpg
Lattafa,Musamam White Intense,woda perfumowana unisex 100 ml,"206,20",https://cdn.notinoimg.com/list_2k//lattafa/6290360593159_01-o__231122.jpg
Adidas,Active Bodies,woda toaletowa dla mężczyzn 100 ml,"78,10",https://cdn.notinoimg.com/list_2k//adidas/4004775312005_01-o__181113.jpg
Calvin Klein,CK IN2U,woda toaletowa dla mężczyzn,"85,20",https://cdn.notinoimg.com/list_2k//calvin-klein/caki2um_aedt10_02-o__130904.jpg
Davidoff,Cool Water Intense,woda perfumowana dla mężczyzn,"94,20",https://cdn.notinoimg.com/list_2k//davidoff/3614228174275_01-o__190703.jpg
Rabanne,1 Million,woda toaletowa dla mężczyzn,"124,00",https://cdn.notinoimg.com/list_2k//paco-rabanne/3349666007921m_01-o__130301.jpg
Lacoste,Essential,woda toaletowa dla mężczyzn,"160,80",https://cdn.notinoimg.com/list_2k//lacoste/737052483214_01-o__220916.jpg
Afnan,9 PM,woda perfumowana dla mężczyzn 100 ml,"134,00",https://cdn.notinoimg.com/list_2k//afnan/6290171002338_01-o__210929.jpg
Yves Saint Laurent,MYSLF,woda perfumowana flakon napełnialny dla mężczyzn,"354,20",https://cdn.notinoimg.com/list_2k//yves-saint-laurent/3614273852814_01-o__230726.jpg
Davidoff,Cool Water Parfum,perfumy dla mężczyzn,"156,00",https://cdn.notinoimg.com/list_2k//davidoff/3614229387049_01-o__210408.jpg
Versace,Eros Flame,woda perfumowana dla mężczyzn,"193,20",https://cdn.notinoimg.com/list_2k//versace/8011003845354_01-o__190725.jpg
Lattafa,Azeezah,woda perfumowana unisex 100 ml,"66,00",https://cdn.notinoimg.com/list_2k//lattafa/6291107453668_01-o__221010.jpg
Armani,Acqua di Giò Profondo,woda perfumowana dla mężczyzn,"410,00",https://cdn.notinoimg.com/list_2k//armani/3614272865235_01-o__200310.jpg
DIOR,Sauvage,woda perfumowana flakon napełnialny dla mężczyzn,"345,00",https://cdn.notinoimg.com/list_2k//dior/3348901368247_01__200828.jpg
Lattafa,Qaed Al Fursan,woda perfumowana unisex 90 ml,"89,40",https://cdn.notinoimg.com/list_2k//lattafa/6291107455365_01-o__220926.jpg
Mexx,Black Man,woda perfumowana dla mężczyzn 50 ml,"67,40",https://cdn.notinoimg.com/list_2k//mexx/3614228834728_01-o__210823.jpg
Hugo Boss,BOSS The Scent Absolute,woda perfumowana dla mężczyzn,"246,00",https://cdn.notinoimg.com/list_2k//hugo-boss/3614228719056_01-o__190820.jpg
Lattafa,Confidential Private Gold,woda perfumowana unisex 100 ml,"93,70",https://cdn.notinoimg.com/list_2k//lattafa/6291107459707_01-o__220926.jpg
Hugo Boss,BOSS Bottled Elixir,woda perfumowana (intense) dla mężczyzn,"333,30",https://cdn.notinoimg.com/list_2k//hugo-boss/3616304691645_01-o__230907.jpg
Jean Paul Gaultier,Le Male Le Parfum,woda perfumowana dla mężczyzn,"361,90",https://cdn.notinoimg.com/list_2k//jean-paul-gaultier/8435415032315_01-o__200617.jpg
Valentino,Born In Roma Intense Uomo,woda perfumowana dla mężczyzn,"399,40",https://cdn.notinoimg.com/list_2k//valentino/3614273790826_01-o__230213.jpg
Jean Paul Gaultier,Le Beau Le Parfum Intense,woda perfumowana dla mężczyzn,"453,00",https://cdn.notinoimg.com/list_2k//jean-paul-gaultier/8435415062190_01-o__220209.jpg
Lattafa,Sheikh Al Shuyukh Luxe Edition,woda perfumowana unisex 100 ml,"83,90",https://cdn.notinoimg.com/list_2k//lattafa/6291106063981_01-o__220926.jpg
DIOR,Dior Homme Intense,woda perfumowana dla mężczyzn,"366,90",https://cdn.notinoimg.com/list_2k//dior/3348900838185xx_01__200828.jpg
Carolina Herrera,Bad Boy Le Parfum,woda perfumowana dla mężczyzn,"374,90",https://cdn.notinoimg.com/list_2k//carolina-herrera/8411061991886_01-o__220628.jpg
Burberry,Hero Eau de Parfum,woda perfumowana dla mężczyzn,"348,60",https://cdn.notinoimg.com/list_2k//burberry/3614228838016_11-o__220818.jpg
HERMÈS,Terre d’Hermès Eau Givrée,woda perfumowana dla mężczyzn,"334,80",https://cdn.notinoimg.com/list_2k//hermes/3346130012245_01__220521.jpg
HERMÈS,Terre d’Hermès Eau Intense Vétiver,woda perfumowana dla mężczyzn,"343,40",https://cdn.notinoimg.com/list_2k//hermes/3346131430741_01__220408.jpg
Carolina Herrera,Bad Boy Cobalt,woda perfumowana dla mężczyzn,"535,50",https://cdn.notinoimg.com/list_2k//carolina-herrera/8411061027837_01-o__220228.jpg
Burberry,Mr. Burberry,woda perfumowana dla mężczyzn,"305,50",https://cdn.notinoimg.com/list_2k//burberry/5045497416243_1-o__221004.jpg
HERMÈS,H24,woda perfumowana dla mężczyzn,"252,10",https://cdn.notinoimg.com/list_2k//hermes/3346130413752_01__220810.jpg
NOVELLISTA,Blue Fortune,woda perfumowana dla mężczyzn,"125,00",https://cdn.notinoimg.com/list_2k//novellista/novellista-blue-fortune_01-o__201006.jpg
Jeanne en Provence,Néroli Intense,woda toaletowa dla mężczyzn 100 ml,"46,20",https://cdn.notinoimg.com/list_2k//jeanne-en-provence/3430750160612_01-o__190702.jpg
David Beckham,Respect,woda toaletowa dla mężczyzn,"59,90",https://cdn.notinoimg.com/list_2k//david-beckham/3614223627042_01-o__171011.jpg
Armaf,Club de Nuit Blue Iconic,woda perfumowana dla mężczyzn,"183,20",https://cdn.notinoimg.com/list_2k//armaf/6294015164152_01-o__230417.jpg
Montblanc,Individuel,woda toaletowa dla mężczyzn,"111,40",https://cdn.notinoimg.com/list_2k//montblanc/3386460028394_01-o__130904.jpg
Rasasi,Daarej Pour Homme,woda perfumowana dla mężczyzn 100 ml,"78,00",https://cdn.notinoimg.com/list_2k//rasasi/614514178010_01-o__121019.jpg
Police,To Be Tattooart,woda toaletowa dla mężczyzn,"51,10",https://cdn.notinoimg.com/list_2k//police/679602160117_01-o__191009.jpg
Hugo Boss,BOSS The Scent Le Parfum,perfumy dla mężczyzn,"296,90",https://cdn.notinoimg.com/list_2k//hugo-boss/3616302681082_01-o__220106.jpg
GIVENCHY,Gentleman Society,woda perfumowana dla mężczyzn,"488,00",https://cdn.notinoimg.com/list_2k//givenchy/3274872448780_01__230123.jpg
Lattafa,Liam Blue,woda perfumowana dla mężczyzn 100 ml,"118,10",https://cdn.notinoimg.com/list_2k//lattafa/6290360591520_01-o__231026.jpg
Trussardi,My Land,woda toaletowa dla mężczyzn,"179,40",https://cdn.notinoimg.com/list_2k//trussardi/trumlnm_aedt10-03__130129.jpg
Burberry,Brit for Him,woda toaletowa dla mężczyzn,"167,30",https://cdn.notinoimg.com/list_2k//burberry/5045252668009_01-o__230314.jpg
Mugler,A*Men,woda toaletowa flakon napełnialny dla mężczyzn Rubber Flask,"263,80",https://cdn.notinoimg.com/list_2k//mugler/3439600604511_01-o__150311.jpg
GUERLAIN,Vétiver,woda toaletowa dla mężczyzn,"363,70",https://cdn.notinoimg.com/list_2k//guerlain/3346470304864_01__220502.jpg
Dolce&Gabbana,The One for Men,woda perfumowana dla mężczyzn,"306,10",https://cdn.notinoimg.com/list_2k//dolce-gabbana/3423473021377_03-o__160119.jpg
Yves Saint Laurent,La Nuit de L'Homme,woda perfumowana dla mężczyzn,"431,10",https://cdn.notinoimg.com/list_2k//yves-saint-laurent/3614272648333_01-o__190821.jpg
Bentley,Momentum,woda toaletowa dla mężczyzn 100 ml,"123,60",https://cdn.notinoimg.com/list_2k//bentley/7640171190327_01-o__170627.jpg
Azzaro,The Most Wanted,woda perfumowana dla mężczyzn,"302,00",https://cdn.notinoimg.com/list_2k//azzaro/3614273521307_01-o__210412.jpg
Jimmy Choo,Man Intense,woda toaletowa dla mężczyzn,"246,50",https://cdn.notinoimg.com/list_2k//jimmy-choo/3386460108768_01-o__230315.jpg
Calvin Klein,CK Everyone,woda toaletowa unisex,"130,50",https://cdn.notinoimg.com/list_2k//calvin-klein/3614229656145_01-o__200106.jpg
Nishane,Sultan Vetiver,ekstrakt perfum unisex 50 ml,"713,20",https://cdn.notinoimg.com/list_2k//nishane/8681008055487_01-o__231120.jpg
Yves Saint Laurent,L'Homme,woda toaletowa dla mężczyzn,"273,40",https://cdn.notinoimg.com/list_2k//yves-saint-laurent/3365440316560_01-o__130605.jpg
Bruno Banani,Absolute Man,woda toaletowa dla mężczyzn,"49,40",https://cdn.notinoimg.com/list_2k//bruno-banani/737052769080_01-o__211008.jpg
Prada,Luna Rossa Carbon,woda toaletowa dla mężczyzn,"382,20",https://cdn.notinoimg.com/list_2k//prada/8435137759781_01x-o__170623.jpg
DIOR,Dior Homme Sport,woda toaletowa dla mężczyzn,"369,80",https://cdn.notinoimg.com/list_2k//dior/3348901580069_01__220121.jpg
Afnan,Musk Abiyad,olejek perfumowany unisex 20 ml,"61,00",https://cdn.notinoimg.com/list_2k//afnan/6290171001058_01-o__210927.jpg
Calvin Klein,Eternity for Men,woda perfumowana dla mężczyzn,"144,00",https://cdn.notinoimg.com/list_2k//calvin-klein/3614229135145_01-o__190902.jpg
Hugo Boss,BOSS The Scent Elixir,woda perfumowana dla mężczyzn,"331,40",https://cdn.notinoimg.com/list_2k//hugo-boss/3616305169198_01-o__240118.jpg
Halloween,Halloween,woda toaletowa dla mężczyzn,"90,60",https://cdn.notinoimg.com/list_2k//jesus-del-pozo/8431754462516_01__140131.jpg
Lattafa,Ekhtiari,woda perfumowana unisex 100 ml,"80,10",https://cdn.notinoimg.com/list_2k//lattafa/6291106069037_01-o__220923.jpg
David Beckham,Infinite Aqua,woda perfumowana dla mężczyzn 100 ml,"81,40",https://cdn.notinoimg.com/list_2k//david-beckham/3616302780020_01-o__211026.jpg
KENZO,Homme,woda toaletowa dla mężczyzn,"217,30",https://cdn.notinoimg.com/list_2k//kenzo/3274872423336_01__220128.jpg
Gucci,Intense Oud,woda perfumowana unisex 90 ml,"433,20",https://cdn.notinoimg.com/list_2k//gucci/730870179710_01-o__160525.jpg
David Beckham,Beyond,woda toaletowa dla mężczyzn,"54,10",https://cdn.notinoimg.com/list_2k//david-beckham/3614220770819_01-o__160113.jpg
Tous,1920,woda perfumowana dla mężczyzn,"135,00",https://cdn.notinoimg.com/list_2k//tous/8436550503081_01-o__211025.jpg
Rochas,Moustache,woda perfumowana dla mężczyzn,"126,00",https://cdn.notinoimg.com/list_2k//rochas/3386460102933_01-o__190702.jpg
Bentley,Infinite Intense,woda perfumowana dla mężczyzn 100 ml,"121,00",https://cdn.notinoimg.com/list_2k//bentley/7640163970029_01-o__160129.jpg
Ferrari,Scuderia Ferrari Black,woda toaletowa dla mężczyzn 125 ml,"83,30",https://cdn.notinoimg.com/list_2k//ferrari/ferscbm_aedt10-01__140110.jpg
Karl Lagerfeld,Bois d´Ambre,woda toaletowa dla mężczyzn,"87,10",https://cdn.notinoimg.com/list_2k//karl-lagerfeld/3386460124874_01-o__220328.jpg
Yves Saint Laurent,La Nuit de L'Homme Le Parfum,woda perfumowana dla mężczyzn,"398,80",https://cdn.notinoimg.com/list_2k//yves-saint-laurent/3365440621015_01-o__121210.jpg
Azzaro,Chrome,woda toaletowa dla mężczyzn,"161,20",https://cdn.notinoimg.com/list_2k//azzaro/3351500020409_01-o__231026.jpg
Montblanc,Explorer Platinum,woda perfumowana dla mężczyzn,"126,00",https://cdn.notinoimg.com/list_2k//montblanc/3386460135825_01-o__230927.jpg
Dolce&Gabbana,Pour Homme,woda toaletowa dla mężczyzn,"358,50",https://cdn.notinoimg.com/list_2k//dolce-gabbana/3423473020776_01-o__130510.jpg
GUERLAIN,L'Instant de Guerlain Pour Homme,woda perfumowana dla mężczyzn 100 ml,"397,90",https://cdn.notinoimg.com/list_2k//guerlain/3346470304895_01__220502.jpg
Davidoff,Champion,woda toaletowa dla mężczyzn 90 ml,"115,70",https://cdn.notinoimg.com/list_2k//davidoff/ddfcham_aedt10_03-o__130110.jpg
Davidoff,The Game,woda toaletowa dla mężczyzn 100 ml,"131,00",https://cdn.notinoimg.com/list_2k//davidoff/3607341186805_01-o__221121.jpg
Philipp Plein,No Limits No Limits,woda perfumowana dla mężczyzn,"178,80",https://cdn.notinoimg.com/list_2k//philipp-plein/7640365140039_01-o__210507.jpg
Armaf,Club de Nuit Man Intense,woda perfumowana dla mężczyzn 200 ml,"254,20",https://cdn.notinoimg.com/list_2k//armaf/6294015131024_01-o__210316.jpg
Jaguar,For Men Ultimate Power,woda toaletowa dla mężczyzn 100 ml,"64,80",https://cdn.notinoimg.com/list_2k//jaguar/7640171193069_01-o__210614.jpg
Valentino,Born in Roma Green Stravaganza Uomo,woda toaletowa dla mężczyzn,"420,90",https://cdn.notinoimg.com/list_2k//valentino/3614274024807_01-o__240122.jpg
Lattafa,Oud Najdia,woda perfumowana unisex 100 ml,"87,70",https://cdn.notinoimg.com/list_2k//lattafa/6291106066159_01-o__230619.jpg
Calvin Klein,CK All,woda toaletowa unisex,"114,80",https://cdn.notinoimg.com/list_2k//calvin-klein/cakallu_aedt10_02-o__170529.jpg
JOOP!,Homme,woda perfumowana dla mężczyzn,"137,90",https://cdn.notinoimg.com/list_2k//joop/3614228858045_01-o__210615.jpg
Armaf,Odyssey Homme,woda perfumowana dla mężczyzn,"90,90",https://cdn.notinoimg.com/list_2k//armaf/6294015109313_01-o__200203.jpg
Karl Lagerfeld,New York Mercer Street,woda toaletowa dla mężczyzn,"100,60",https://cdn.notinoimg.com/list_2k//karl-lagerfeld/3386460115551_01-o__210115.jpg
Adidas,UEFA Champions League Best Of The Best,woda toaletowa dla mężczyzn 100 ml,"35,70",https://cdn.notinoimg.com/list_2k//adidas/3616304474842_01-o__230214.jpg
Tabac,Original,woda kolońska bez atomizera dla mężczyzn 300 ml,"163,00",https://cdn.notinoimg.com/list_2k//tabac/tactacm_aedc10_04__130123.jpg
Rasasi,Fattan Pour Homme,woda perfumowana dla mężczyzn 50 ml,"106,00",https://cdn.notinoimg.com/list_2k//rasasi/614514402016_01-o__180314.jpg
Lattafa,Qaa'ed,woda perfumowana unisex 100 ml,"117,00",https://cdn.notinoimg.com/list_2k//lattafa/6291107450414_01-o__220926.jpg
Montblanc,Legend,woda perfumowana dla mężczyzn,"212,10",https://cdn.notinoimg.com/list_2k//montblanc/3386460118125_01-o__201202.jpg
Coach,Green,woda toaletowa dla mężczyzn,"148,70",https://cdn.notinoimg.com/list_2k//coach/3386460141277_01-o__230523.jpg
Mexx,Black Man,woda toaletowa dla mężczyzn,"52,30",https://cdn.notinoimg.com/list_2k//mexx/mexblkm_aedt__130904.jpg
Mercedes-Benz,Man Intense,woda toaletowa dla mężczyzn 100 ml,"205,90",https://cdn.notinoimg.com/list_2k//mercedes-benz/3595471061171_01-o__200903.jpg
Prada,L'Homme Intense,woda perfumowana dla mężczyzn,"573,00",https://cdn.notinoimg.com/list_2k//prada/8435137764730_01y-o__180213.jpg
Jeanne Arthes,J.S. Joe Sorrento,woda perfumowana dla mężczyzn 100 ml,"29,40",https://cdn.notinoimg.com/list_2k//jeanne-arthes/3430750003490_01-o__220104.jpg
Carolina Herrera,212 VIP Men,woda toaletowa dla mężczyzn,"299,00",https://cdn.notinoimg.com/list_2k//carolina-herrera/8411061723760_01-o__130904.jpg
Jeanne en Provence,Lavande & Vétiver,woda toaletowa dla mężczyzn 100 ml,"46,20",https://cdn.notinoimg.com/list_2k//jeanne-en-provence/jeplavm_aedt10_03__161208.jpg
Yves Saint Laurent,La Nuit de L'Homme,woda toaletowa dla mężczyzn,"269,30",https://cdn.notinoimg.com/list_2k//yves-saint-laurent/3365440375079_01-o__130904.jpg
Karl Lagerfeld,Karl Lagerfeld for Him,woda toaletowa dla mężczyzn,"128,40",https://cdn.notinoimg.com/list_2k//karl-lagerfeld/3386460059183_01-o__210820.jpg
Jil Sander,Sun Men,woda toaletowa dla mężczyzn,"103,00",https://cdn.notinoimg.com/list_2k//jil-sander/jsdsunm_aedt20_02-o__130627.jpg
DIOR,Dior Homme Cologne,woda kolońska dla mężczyzn,"409,80",https://cdn.notinoimg.com/list_2k//dior/3348901126359_01__220121.jpg
Al Haramain,Oyuny,olejek perfumowany unisex 20 ml,"61,30",https://cdn.notinoimg.com/list_2k//al-haramain/6291100134908_01-o__220413.jpg
Adidas,Victory League Edition 2022,perfumowany spray do ciała dla mężczyzn 200 ml,"15,70",https://cdn.notinoimg.com/list_2k//adidas/3616303441104_01-o__221206.jpg
GIVENCHY,Gentleman Intense,woda toaletowa dla mężczyzn,"381,00",https://cdn.notinoimg.com/list_2k//givenchy/3274872423008_01__210623.jpg
Mexx,Man New Look,woda toaletowa dla mężczyzn,"53,70",https://cdn.notinoimg.com/list_2k//mexx/737052681825_01-o__140812.jpg
Moschino,Toy Boy,woda perfumowana dla mężczyzn,"140,00",https://cdn.notinoimg.com/list_2k//moschino/8011003845132_01-o__200115.jpg
Avon,Individual Blue,woda toaletowa dla mężczyzn 100 ml,"34,60",https://cdn.notinoimg.com/list_2k//avon/2800010430082_01-o__220211.jpg
Armani,Acqua di Giò Profondo Parfum,perfumy dla mężczyzn,"456,00",https://cdn.notinoimg.com/list_2k//armani/3614273953696_01-o__240410.jpg
Salvatore Ferragamo,F by Ferragamo Black,woda toaletowa dla mężczyzn,"136,00",https://cdn.notinoimg.com/list_2k//salvatore-ferragamo/8032529118050_01-o__240110.jpg
Nishane,Ani,ekstrakt perfum unisex,"955,00",https://cdn.notinoimg.com/list_2k//nishane/8681008055067_01-o__220211.jpg
Gucci,Guilty Pour Homme,perfumy dla mężczyzn,"325,00",https://cdn.notinoimg.com/list_2k//gucci/3616301794608_01-o__230104.jpg
Viktor & Rolf,Spicebomb Extreme,woda perfumowana dla mężczyzn,"372,90",https://cdn.notinoimg.com/list_2k//viktor-rolf/3614270659652_01-o__150715.jpg
Bentley,For Men Black Edition,woda perfumowana dla mężczyzn 100 ml,"157,50",https://cdn.notinoimg.com/list_2k//bentley/7640171190921_01-o__210301.jpg
Burberry,Hero,perfumy dla mężczyzn,"288,90",https://cdn.notinoimg.com/list_2k//burberry/3616304679438_01-o__240222.jpg
GIVENCHY,Gentleman Givenchy,woda perfumowana dla mężczyzn,"342,70",https://cdn.notinoimg.com/list_2k//givenchy/3274872368026_01__220711.jpg
Afnan,9 AM Dive,woda perfumowana unisex 100 ml,"178,00",https://cdn.notinoimg.com/list_2k//afnan/6290171072836_01-o__230131.jpg
Al Haramain,Mystique Homme,woda perfumowana dla mężczyzn 100 ml,"80,70",https://cdn.notinoimg.com/list_2k//al-haramain/ahrmshm_aedp10_03__140610.jpg
Police,To Be,woda toaletowa dla mężczyzn,"38,60",https://cdn.notinoimg.com/list_2k//police/poltobm_aedt30_03-o__130906.jpg
David Beckham,Classic Homme,perfumowany spray do ciała dla mężczyzn 75 ml,"25,80",https://cdn.notinoimg.com/list_2k//david-beckham/3616304150272_01-o__230406.jpg
Gucci,Guilty Pour Homme,woda perfumowana dla mężczyzn,"282,70",https://cdn.notinoimg.com/list_2k//gucci/3614229382167_01-o__200227.jpg
Armani,Acqua di Giò Profondo,woda perfumowana flakon napełnialny dla mężczyzn,"360,90",https://cdn.notinoimg.com/list_2k//armani/3614273953849_01-o__240319.jpg
Zimaya,Sharaf The Club,woda perfumowana dla kobiet 100 ml,"146,90",https://cdn.notinoimg.com/list_2k//zimaya/6290171074199_01-o__240130.jpg
Lattafa,Maahir,woda perfumowana unisex 100 ml,"158,70",https://cdn.notinoimg.com/list_2k//lattafa/6291107456744_01-o__220923.jpg
Al Haramain,Rawaa,woda perfumowana unisex 100 ml,"129,70",https://cdn.notinoimg.com/list_2k//al-haramain/6291100131723_01-o__230120.jpg
Etat Libre d’Orange,Hermann a Mes Cotes Me Paraissait Une Ombre,woda perfumowana unisex,"400,50",https://cdn.notinoimg.com/list_2k//etat-libre-dorange/3760168591280_01-o__170301.jpg
Jeanne Arthes,Colonial Club,woda toaletowa dla mężczyzn 100 ml,"30,20",https://cdn.notinoimg.com/list_2k//jeanne-arthes/jarcolm_aedt10_03__150831.jpg
Nasomatto,Black Afgano,ekstrakt perfum unisex 30 ml,"644,70",https://cdn.notinoimg.com/list_2k//nasomatto/8717774840061_01-o__150113.jpg
Rabanne,Black XS (2018),woda toaletowa dla mężczyzn,"240,40",https://cdn.notinoimg.com/list_2k//paco-rabanne/3349668550654_01-o__180924.jpg
Ajmal,Orbiter,woda perfumowana dla mężczyzn 100 ml,"97,50",https://cdn.notinoimg.com/list_2k//ajmal/6293708018635_01-o__230622.jpg
Dsquared2,Green Wood,woda toaletowa dla mężczyzn,"152,60",https://cdn.notinoimg.com/list_2k//dsquared2/8011003852741_01-o__201013.jpg
Adidas,After Sport,perfumowany spray do ciała,"13,60",https://cdn.notinoimg.com/list_2k//adidas/3616303441555_01-o__221206.jpg
Adidas,Dynamic Pulse Edition 2022,woda toaletowa dla mężczyzn,"36,80",https://cdn.notinoimg.com/list_2k//adidas/3616303321970_01-o__220818.jpg
Carolina Herrera,Bad Boy Cobalt Elixir,woda perfumowana dla mężczyzn,"123,30",https://cdn.notinoimg.com/list_2k//carolina-herrera/8411061083772_01-o__240202.jpg
Rabanne,Invictus Victory,woda perfumowana dla mężczyzn,"425,00",https://cdn.notinoimg.com/list_2k//paco-rabanne/3349668588732_01-o__210209.jpg
Lattafa,Rouat Al Oud,woda perfumowana unisex 100 ml,"85,30",https://cdn.notinoimg.com/list_2k//lattafa/6291106064841_01-o__221010.jpg
Tiziana Terenzi,Gold Kirke,ekstrakt perfum unisex 100 ml,"979,00",https://cdn.notinoimg.com/list_2k//tiziana-terenzi/8016741072482_01-o__160315.jpg
Armani,Acqua di Giò,woda toaletowa flakon napełnialny dla mężczyzn,"324,00",https://cdn.notinoimg.com/list_2k//armani/3614273955546_01-o__240306.jpg
Armani,Emporio He,woda toaletowa dla mężczyzn,"293,30",https://cdn.notinoimg.com/list_2k//armani/3360372061823_01-on__130218.jpg
Trussardi,Uomo,woda toaletowa dla mężczyzn,"107,60",https://cdn.notinoimg.com/list_2k//trussardi/8011530810023_01-o__130904.jpg
Azzaro,Wanted,woda perfumowana dla mężczyzn,"288,20",https://cdn.notinoimg.com/list_2k//azzaro/3614273903172_01-o__230403.jpg
Mauboussin,Cristal Oud,woda perfumowana dla mężczyzn 100 ml,"92,90",https://cdn.notinoimg.com/list_2k//mauboussin/3760048796392_01-o__210728.jpg
4711,Original,woda kolońska z atomizerem unisex,"30,50",https://cdn.notinoimg.com/list_2k//4711/471oriu_aedc11_03__130904.jpg
Bait Al Bakhoor,Khashab Al Oudh,woda perfumowana unisex 100 ml,"67,00",https://cdn.notinoimg.com/list_2k//afnan/6290171040521_01-o__211004.jpg
Adidas,Ice Dive Edition 2023,zestaw upominkowy III. dla mężczyzn 2 szt.,"50,00",https://cdn.notinoimg.com/list_2k//adidas/3616304218439_01-o__231020.jpg
Geoffrey Beene,Grey Flannel,woda toaletowa z atomizerem dla mężczyzn 120 ml,"62,10",https://cdn.notinoimg.com/list_2k//geoffrey-beene/719346021784_01-o__121112.jpg
Montale,Starry Nights,woda perfumowana unisex,"324,00",https://cdn.notinoimg.com/list_2k//montale/mntstnu_aedp10_01-o__160809.jpg
Lattafa,Ajwad,woda perfumowana unisex 60 ml,"115,00",https://cdn.notinoimg.com/list_2k//lattafa/6291108732489_01-o__220926.jpg
Armaf,Tres Nuit,woda perfumowana dla mężczyzn 100 ml,"105,50",https://cdn.notinoimg.com/list_2k//armaf/2800017744199_01-o__230228.jpg
Jimmy Choo,Urban Hero,woda perfumowana dla mężczyzn,"105,10",https://cdn.notinoimg.com/list_2k//jimmy-choo/3386460109369_01-o__191021.jpg
Tommy Hilfiger,Tommy Now,woda toaletowa dla mężczyzn,"139,90",https://cdn.notinoimg.com/list_2k//tommy-hilfiger/022548407912_01-o__190924.jpg
Mercedes-Benz,Mercedes Benz Le Parfum,woda perfumowana dla mężczyzn 120 ml,"257,70",https://cdn.notinoimg.com/list_2k//mercedes-benz/3595471021182x_01-o__151210.jpg
Bruno Banani,Summer Man,woda toaletowa dla mężczyzn,"50,10",https://cdn.notinoimg.com/list_2k//bruno-banani/3616304072581_01-o__240130.jpg
Lacoste,Match Point,woda perfumowana dla mężczyzn,"189,50",https://cdn.notinoimg.com/list_2k//lacoste/3616302013357_01-o__210803.jpg
Jenny Glow,Pomegranate,woda perfumowana unisex 80 ml,"64,90",https://cdn.notinoimg.com/list_2k//jenny-glow/6294015106107_01-o__191016.jpg
Teatro Fragranze,Nero Divino,woda perfumowana unisex 100 ml,"480,00",https://cdn.notinoimg.com/list_2k//teatro-fragranze/8058159961743_01-o__180228.jpg
Dolce&Gabbana,K by Dolce & Gabbana,woda toaletowa dla mężczyzn,"292,40",https://cdn.notinoimg.com/list_2k//dolce-gabbana/3423473049456_01__190819.jpg
Lattafa,Raghba Wood Intense,woda perfumowana dla mężczyzn 100 ml,"70,30",https://cdn.notinoimg.com/list_2k//lattafa/6291106064070_01-o__230908.jpg
Al Haramain,Tanasuk,olejek perfumowany unisex 12 ml,"69,60",https://cdn.notinoimg.com/list_2k//al-haramain/6291100136247_01-o__220504.jpg
Laura Biagiotti,Roma Uomo for men,woda toaletowa dla mężczyzn,"98,20",https://cdn.notinoimg.com/list_2k//laura-biagiotti/8011530000134_01-o__130109.jpg
Lacoste,Red,woda toaletowa new design dla mężczyzn,"160,80",https://cdn.notinoimg.com/list_2k//lacoste/3616302931835_01-o__220711.jpg
Chanel,Allure Homme Sport,woda toaletowa dla mężczyzn,"458,00",https://cdn.notinoimg.com/list_2k//chanel/3145891236408_01-o__130307.jpg
Hugo Boss,BOSS Man,woda toaletowa dla mężczyzn 100 ml,"227,20",https://cdn.notinoimg.com/list_2k//hugo-boss/737052347974_01-o__220321.jpg
Diesel,Only The Brave,woda toaletowa dla mężczyzn,"214,00",https://cdn.notinoimg.com/list_2k//diesel/3605520680014_01-o__130904.jpg
Prada,Luna Rossa Ocean,woda toaletowa dla mężczyzn,"138,90",https://cdn.notinoimg.com/list_2k//prada/3614273556620_01-o__220419.jpg
Lanvin,Éclat d'Arpège Pour Homme,woda toaletowa dla mężczyzn,"82,00",https://cdn.notinoimg.com/list_2k//lanvin/3386460062718_01-o__220816.jpg
Yves Saint Laurent,L'Homme,woda perfumowana dla mężczyzn,"413,00",https://cdn.notinoimg.com/list_2k//yves-saint-laurent/3614273668750_01-o__220420.jpg
Lacoste,L.12.12 Blanc Eau Intense,woda toaletowa dla mężczyzn,"210,90",https://cdn.notinoimg.com/list_2k//lacoste/3616303459895_01-o__221206.jpg
Hugo Boss,HUGO Just Different,woda toaletowa dla mężczyzn,"156,60",https://cdn.notinoimg.com/list_2k//hugo-boss/3614229823837_01-o__140602.jpg
Lattafa,Badee Al Oud Ametyst,woda perfumowana dla kobiet 100 ml,"168,00",https://cdn.notinoimg.com/list_2k//lattafa/6291108733875_01-o__220926.jpg
GIVENCHY,Gentleman Givenchy,woda toaletowa dla mężczyzn,"354,60",https://cdn.notinoimg.com/list_2k//givenchy/3274872347298_01__220711.jpg
Guess,Guess Man,woda toaletowa dla mężczyzn 75 ml,"115,40",https://cdn.notinoimg.com/list_2k//guess/8595159000015_01-o__121123.jpg
Façonnable,Riviera,woda perfumowana dla mężczyzn 90 ml,"114,80",https://cdn.notinoimg.com/list_2k//faconnable/3760048797092_01-o__220314.jpg
Nikos,Sculpture pour Homme,woda toaletowa dla mężczyzn 100 ml,"114,00",https://cdn.notinoimg.com/list_2k//nikos/nikscum_aedt10-o__130516.jpg
Yves Saint Laurent,Kouros,woda toaletowa dla mężczyzn,"374,00",https://cdn.notinoimg.com/list_2k//yves-saint-laurent/3365440003866_01-o__121127.jpg
Philipp Plein,No Limits Gold,woda perfumowana dla mężczyzn 90 ml,"321,60",https://cdn.notinoimg.com/list_2k//philipp_plein/7640365140855_01-o__240201.jpg
Mexx,Man New Look,zestaw upominkowy (I.) dla mężczyzn,"61,80",https://cdn.notinoimg.com/list_2k//mexx/3616304211294_01-o__231026.jpg
Mexx,Whenever Wherever For Him,woda toaletowa dla mężczyzn,"51,20",https://cdn.notinoimg.com/list_2k//mexx/3614228237819_01-o__190403.jpg
Mercedes-Benz,Man,woda toaletowa dla mężczyzn,"146,10",https://cdn.notinoimg.com/list_2k//mercedes-benz/3595471061010x_01-o__161110.jpg
Dolce&Gabbana,K by Dolce & Gabbana,woda perfumowana dla mężczyzn,"362,90",https://cdn.notinoimg.com/list_2k//dolce-gabbana/3423473101253_01__200803.jpg
Tous,Man Intense,woda toaletowa dla mężczyzn,"84,00",https://cdn.notinoimg.com/list_2k//tous/8436038839138_01-o__220613.jpg
Salvatore Ferragamo,Acqua Essenziale Blu,woda toaletowa dla mężczyzn,"136,00",https://cdn.notinoimg.com/list_2k//salvatore-ferragamo/safaebm_aedt10_03__141219.jpg
Lattafa,Ana Abiyedh,woda perfumowana unisex 60 ml,"88,80",https://cdn.notinoimg.com/list_2k//lattafa/6291106066890_01-o__230616.jpg
Afnan,Abiyad Mukhallat,woda perfumowana unisex 100 ml,"63,20",https://cdn.notinoimg.com/list_2k//afnan/6290171000235_01-o__210927.jpg
Versace,Pour Homme Oud Noir,woda perfumowana dla mężczyzn 100 ml,"445,00",https://cdn.notinoimg.com/list_2k//versace/8011003811274_02-o__140415.jpg
Narciso Rodriguez,for him Bleu Noir,perfumy dla mężczyzn,"300,50",https://cdn.notinoimg.com/list_2k//narciso-rodriguez/3423222056070_01__220119.jpg
Azzaro,Chrome Legend,woda toaletowa dla mężczyzn 125 ml,"186,60",https://cdn.notinoimg.com/list_2k//azzaro/3351500015245_01-o__200610.jpg
Jaguar,Pace,woda toaletowa dla mężczyzn 100 ml,"71,20",https://cdn.notinoimg.com/list_2k//jaguar/7640163971613_01-o__160906.jpg
Karl Lagerfeld,Hamburg Alster,woda toaletowa dla mężczyzn,"87,10",https://cdn.notinoimg.com/list_2k//karl-lagerfeld/3386460124485_01-o__211021.jpg
GUERLAIN,Habit Rouge Parfum,perfumy dla mężczyzn 100 ml,"649,00",https://cdn.notinoimg.com/list_2k//guerlain/3346470305212_01__240412.jpg
Montale,Chocolate Greedy,woda perfumowana unisex,"239,00",https://cdn.notinoimg.com/list_2k//montale/mntchgu_aedp10_02-o__150210.jpg
Missoni,Wave,woda toaletowa dla mężczyzn,"168,00",https://cdn.notinoimg.com/list_2k//missoni/8011003858156_01-o__200924.jpg
Creed,Aventus,woda perfumowana dla mężczyzn,"1196,90",https://cdn.notinoimg.com/list_2k//creed/3508441001114_01n-o__180419.jpg
Gucci,Guilty Pour Homme,ekstrakt perfum dla mężczyzn 60 ml,"769,00",https://cdn.notinoimg.com/list_2k//gucci/3616304175893_01-o__230914.jpg
Afnan,Musk Abiyad,woda perfumowana unisex 100 ml,"63,90",https://cdn.notinoimg.com/list_2k//afnan/6290171001041_01-o__210927.jpg
Emanuel Ungaro,L'Homme III,woda toaletowa dla mężczyzn 100 ml,"205,50",https://cdn.notinoimg.com/list_2k//emanuel-ungaro/8034097956928_01-o__240108.jpg
Armaf,Club de Nuit Sillage,woda perfumowana dla mężczyzn 105 ml,"226,00",https://cdn.notinoimg.com/list_2k//armaf/6294015136470_01-o__201119.jpg
Prada,L'Homme L'Eau,woda toaletowa dla mężczyzn,"369,00",https://cdn.notinoimg.com/list_2k//prada/8435137765362_01x-o__180605.jpg
NOVELLISTA,Saffron Whisper,woda perfumowana unisex,"130,00",https://cdn.notinoimg.com/list_2k//novellista/novellista-saffron_whisper__211112.jpg
Valentino,Uomo,woda toaletowa dla mężczyzn,"332,20",https://cdn.notinoimg.com/list_2k//valentino/8411061757895_01-o__230925.jpg
Just Jack,Tobacco Leaf,woda perfumowana unisex,"169,20",https://cdn.notinoimg.com/list_2k//just-jack/6294015119398_01-o__191017.jpg
DIOR,Higher Energy,woda toaletowa dla mężczyzn 100 ml,"462,10",https://cdn.notinoimg.com/list_2k//dior/3348900574656xx_01__200828.jpg
Montale,Soleil De Capri,woda perfumowana unisex,"263,20",https://cdn.notinoimg.com/list_2k//montale/mntsdcu_aedp10_01-o__140718.jpg
Davidoff,Cool Water Reborn,woda perfumowana,"167,80",https://cdn.notinoimg.com/list_2k//davidoff/3616303470043_01-o__230524.jpg
Cristiano Ronaldo,CR7 Origins,woda toaletowa dla mężczyzn,"108,70",https://cdn.notinoimg.com/list_2k//cristiano-ronaldo/5060524511142_01-o__220525.jpg
4711,Original,woda kolońska bez atomizera unisex,"42,10",https://cdn.notinoimg.com/list_2k//4711/471oriu_aedc07_03__140527.jpg
Chanel,Bleu de Chanel,woda perfumowana dla mężczyzn,"546,00",https://cdn.notinoimg.com/list_2k//chanel/3145891073706_01-o__211007.jpg
Cristiano Ronaldo,CR7,woda toaletowa dla mężczyzn,"79,60",https://cdn.notinoimg.com/list_2k//cristiano-ronaldo/5060524510008_03__171121.jpg
Armaf,Aura Fresh,woda perfumowana dla mężczyzn 100 ml,"98,40",https://cdn.notinoimg.com/list_2k//armaf/6294015139983_01-o__221201.jpg
Armaf,Ombre Oud Intense,perfumy dla mężczyzn 100 ml,"164,00",https://cdn.notinoimg.com/list_2k//armaf/6294015136463_01-o__221201.jpg
Afnan,Inara White,woda perfumowana unisex 100 ml,"89,00",https://cdn.notinoimg.com/list_2k//afnan/6290171002062_01-o__210927.jpg
HERMÈS,Parfums-Jardins Collection Le Jardin de Monsieur Li,woda toaletowa unisex,"279,70",https://cdn.notinoimg.com/list_2k//hermes/3346132600013_01__220408.jpg
HERMÈS,Parfums-Jardins Collection Un Jardin Sur Le Toit,woda toaletowa unisex,"305,20",https://cdn.notinoimg.com/list_2k//hermes/3346132400019_01__220408.jpg
Lattafa,Ejaazi,woda perfumowana unisex 100 ml,"82,70",https://cdn.notinoimg.com/list_2k//lattafa/6291106069020_01-o__220926.jpg
Lattafa,Pride Royal Sapphire,woda perfumowana unisex 100 ml,"152,10",https://cdn.notinoimg.com/list_2k//lattafa/6291108738238_01-o__220923.jpg
Lattafa,24 Carat White Gold,woda perfumowana unisex 100 ml,"97,50",https://cdn.notinoimg.com/list_2k//lattafa/6291106064001_01-o__220926.jpg
Korres,Midnight Dahlia,woda toaletowa unisex 50 ml,"159,90",https://cdn.notinoimg.com/list_2k//korres/5203069092275_01-o__240216.jpg
Lattafa,Ra'ed Oud,woda perfumowana unisex 100 ml,"114,80",https://cdn.notinoimg.com/list_2k//lattafa/6291108736548_01-o__221010.jpg
Sapil,Disclosure,woda toaletowa dla mężczyzn 100 ml,"52,30",https://cdn.notinoimg.com/list_2k//sapil/sapdism_aedt10_02__161107.jpg
Ted Lapidus,Black Soul Imperial,woda toaletowa dla mężczyzn 100 ml,"103,00",https://cdn.notinoimg.com/list_2k//ted-lapidus/telbsim_aedt10_01__150325.jpg
Avon,Individual Blue Sunset,woda toaletowa dla mężczyzn 100 ml,"84,20",https://cdn.notinoimg.com/list_2k//avon/5050136143275_01-o__191004.jpg
Bait Al Bakhoor,Tohfa Blue,woda perfumowana dla mężczyzn 100 ml,"67,00",https://cdn.notinoimg.com/list_2k//afnan/6290171060130_01-o__211004.jpg
CLEAN,Reserve Acqua Neroli,woda perfumowana unisex,"191,40",https://cdn.notinoimg.com/list_2k//clean/874034010140_01-o__190212.jpg
Armaf,Ventana Pour Homme,woda perfumowana dla mężczyzn 100 ml,"146,50",https://cdn.notinoimg.com/list_2k//armaf/6294015102260_01-o__210616.jpg
Calvin Klein,Defy,woda toaletowa dla mężczyzn,"185,00",https://cdn.notinoimg.com/list_2k//calvin-klein/3616301296669_01-o__220513.jpg
Abercrombie & Fitch,Away,woda toaletowa dla mężczyzn,"229,60",https://cdn.notinoimg.com/list_2k//abercrombie-fitch-copy/85715169709_01-o__230509.jpg
Abercrombie & Fitch,First Instinct,woda toaletowa dla mężczyzn,"133,00",https://cdn.notinoimg.com/list_2k//abercrombie-fitch/85715163103_01x-o__160714.jpg
Abercrombie & Fitch,First Instinct Extreme,woda perfumowana dla mężczyzn,"182,70",https://cdn.notinoimg.com/list_2k//abercrombie-fitch/085715167507_01-o__181126.jpg
Police,Original,woda toaletowa dla mężczyzn 100 ml,"55,10",https://cdn.notinoimg.com/list_2k//police/679602251105_01-o__221212.jpg
Michael Jordan,Legend,woda kolońska dla mężczyzn 100 ml,"117,00",https://cdn.notinoimg.com/list_2k//michael-jordan/mijlegm_aedc10_01__150519.jpg
L’Occitane,Men Eau des Baux,woda toaletowa dla mężczyzn 75 ml,"259,00",https://cdn.notinoimg.com/list_2k//loccitane/3253581663349_01-o__221121.jpg
Yves Saint Laurent,Y L´Elixir,woda perfumowana dla mężczyzn,"196,00",https://cdn.notinoimg.com/list_2k//yves-saint-laurent/3614274025637_01-o__240524.jpg
Rue Broca,Penthouse Windsor,woda perfumowana unisex 80 ml,"89,00",https://cdn.notinoimg.com/list_2k//afnan/6290171010456_01-o__211004.jpg
Cristiano Ronaldo,Play It Cool,woda toaletowa dla mężczyzn,"76,50",https://cdn.notinoimg.com/list_2k//cristiano-ronaldo/5060524510732_01-o__210427.jpg
Diesel,Sound of the Brave,woda toaletowa dla mężczyzn 200 ml,"330,70",https://cdn.notinoimg.com/list_2k//diesel/3614273476768_01-o__240221.jpg
Creed,Viking,woda perfumowana dla mężczyzn,"896,00",https://cdn.notinoimg.com/list_2k//creed/3508441001169_01-o__180308.jpg
Afnan,Silver Musk,olejek perfumowany unisex 15 ml,"62,00",https://cdn.notinoimg.com/list_2k//afnan/6290171002321_01-o__210929.jpg
Hollister,Canyon Sky For Him,woda toaletowa dla mężczyzn,"42,40",https://cdn.notinoimg.com/list_2k//hollister/85715267146_01-o__231123.jpg
Lattafa,Awraq Al Oud,woda perfumowana unisex 100 ml,"84,30",https://cdn.notinoimg.com/list_2k//lattafa/6291107453675_01-o__220923.jpg
Hollister,Wave 2,woda toaletowa dla mężczyzn,"67,50",https://cdn.notinoimg.com/list_2k//hollister/085715260116_01x-o__170727.jpg
Armani,Code,zestaw upominkowy dla mężczyzn,"743,10",https://cdn.notinoimg.com/list_2k//armani/3614274109955_01-o__240314.jpg
Guy Laroche,Drakkar Noir,woda toaletowa dla mężczyzn,"72,60",https://cdn.notinoimg.com/list_2k//guy-laroche/3360372017332_02-o__130904.jpg
Afnan,Dehn Al Oudh Abiyad,olejek perfumowany unisex 20 ml,"64,00",https://cdn.notinoimg.com/list_2k//afnan/6290171000129_01-o__210927.jpg
Armaf,Bucephalus No. XII,woda perfumowana dla mężczyzn 100 ml,"186,00",https://cdn.notinoimg.com/list_2k//armaf/6294015159851_01-o__221205.jpg
Dunhill,Driven Black,woda perfumowana dla mężczyzn,"95,00",https://cdn.notinoimg.com/list_2k//dunhill/85715807649_01-o__221121.jpg
Histoires De Parfums,1740,woda perfumowana dla mężczyzn,"294,50",https://cdn.notinoimg.com/list_2k//histoires-de-parfums/841317000105_01-o__230411.jpg
Jimmy Choo,Urban Hero Gold,woda perfumowana dla mężczyzn,"115,80",https://cdn.notinoimg.com/list_2k//jimmy-choo/3386460127066_01-o__211130.jpg
Karl Lagerfeld,Lagerfeld Classic Grey,woda toaletowa dla mężczyzn,"85,00",https://cdn.notinoimg.com/list_2k//karl-lagerfeld/3386460131346_01-o__220526.jpg
Kenneth Cole,Black Bold,woda perfumowana dla mężczyzn 100 ml,"151,10",https://cdn.notinoimg.com/list_2k//kenneth-cole/608940570470_01-o__221110.jpg
HERMÈS,Parfums-Jardins Collection Un Jardin Mediterranée,woda toaletowa unisex,"424,20",https://cdn.notinoimg.com/list_2k//hermes/3346131210015_01__220408.jpg
Jeanne Arthes,Colonial Club Ypsos,woda toaletowa dla mężczyzn 100 ml,"27,60",https://cdn.notinoimg.com/list_2k//jeanne-arthes/3430750155199_01-o__201203.jpg
Lattafa,Rouat Al Musk,woda perfumowana unisex 100 ml,"96,10",https://cdn.notinoimg.com/list_2k//lattafa/6291106064834_01-o__220926.jpg
Lattafa,Lail Maleki,woda perfumowana unisex 100 ml,"79,40",https://cdn.notinoimg.com/list_2k//lattafa/6291107451527_01-o__220923.jpg
Memo,Irish Leather,woda perfumowana unisex 75 ml,"666,40",https://cdn.notinoimg.com/list_2k//memo/3700458611519_01-o__141128.jpg
Roja Parfums,Enigma,perfumy dla mężczyzn 50 ml,"1709,70",https://cdn.notinoimg.com/list_2k//roja-parfums/5060270292760_01-o__230314.jpg
Montale,Patchouli Leaves,woda perfumowana unisex,"267,00",https://cdn.notinoimg.com/list_2k//montale/mntpalu_aedp10_01-o__150211.jpg
Oriflame,Eclat Homme,woda toaletowa dla mężczyzn 75 ml,"92,00",https://cdn.notinoimg.com/list_2k//oriflame/2800010891449_01-o__230109.jpg
Davidoff,Cool Water Reborn,woda toaletowa dla mężczyzn,"189,80",https://cdn.notinoimg.com/list_2k//davidoff/3616302038794_01-o__220524.jpg
Dolce&Gabbana,The One for Men,woda toaletowa dla mężczyzn,"372,80",https://cdn.notinoimg.com/list_2k//dolce-gabbana/3423473021209_01-o__130510.jpg
Korres,Kyma,woda toaletowa unisex 50 ml,"167,50",https://cdn.notinoimg.com/list_2k//korres/5203069116995_01-o__240216.jpg
Korres,Oceanic Amber,woda toaletowa dla mężczyzn 50 ml,"159,90",https://cdn.notinoimg.com/list_2k//korres/5203069092305_01-o__221209.jpg
Maison Margiela,REPLICA Bubble Bath,woda toaletowa unisex,"326,00",https://cdn.notinoimg.com/list_2k//maison-margiela/3614272943384_01-o__200625.jpg
Reuzel,Wood & Spice,perfumy w kompakcie dla mężczyzn 35 g,"56,00",https://cdn.notinoimg.com/list_2k//reuzel/852968008549_01-o__220412.jpg
Prada,Les Infusions: Infusion Iris,woda perfumowana unisex,"405,00",https://cdn.notinoimg.com/list_2k//prada/8435137743155_01x-o__160722.jpg
Versace,Eros,woda perfumowana dla mężczyzn,"295,90",https://cdn.notinoimg.com/list_2k//versace/8011003861224_01-o__201025.jpg
Versace,Eros Flame,woda perfumowana dla mężczyzn,"212,50",https://cdn.notinoimg.com/list_2k//versace/8011003845354_01-o__190725.jpg
Xerjoff,Uden,perfumy dla mężczyzn 50 ml,"1050,00",https://cdn.notinoimg.com/list_2k//xerjoff/8033488150808_01-o__230327.jpg
Maison Margiela,REPLICA Coffee Break,woda toaletowa unisex,"586,00",https://cdn.notinoimg.com/list_2k//maison-margiela/3614272661240_01-o__200306.jpg
Maison Margiela,REPLICA By the Fireplace,woda toaletowa napełnienie unisex 100 ml,"499,00",https://cdn.notinoimg.com/list_2k//maison-margiela/3614273744683_01-o__221102.jpg
Mexx,Limited Edition For Him,woda toaletowa dla mężczyzn edycja limitowana,"83,50",https://cdn.notinoimg.com/list_2k//mexx/3616304254574_01-o__240322.jpg
La Fede,Code Verde Sublime,woda perfumowana unisex 100 ml,"109,70",https://cdn.notinoimg.com/list_2k//la_fede/6291107972053_01-o__230828.jpg
Reebok,Cool Your Body,odświeżający spray do ciała dla mężczyzn 150 ml,"18,90",https://cdn.notinoimg.com/list_2k//reebok/8436581946154_01-o__220801.jpg
Rasasi,Hatem Men,woda perfumowana dla mężczyzn 75 ml,"93,40",https://cdn.notinoimg.com/list_2k//rasasi/614514124017_01-o__121019.jpg
Sister's Aroma,Male,woda perfumowana dla mężczyzn 50 ml,"266,20",https://cdn.notinoimg.com/list_2k//sisters_aroma/4820227780808_01-o__231013.jpg
Mauboussin,Pour Lui In Red,woda perfumowana dla mężczyzn 100 ml,"101,80",https://cdn.notinoimg.com/list_2k//mauboussin/3760048797818_01-o__220804.jpg
Guess,Guess Man Gold,woda toaletowa dla mężczyzn 75 ml,"111,80",https://cdn.notinoimg.com/list_2k//guess/085715320704_01-o__200611.jpg
Narciso Rodriguez,for him Bleu Noir,woda toaletowa dla mężczyzn,"295,30",https://cdn.notinoimg.com/list_2k//narciso-rodriguez/3423478806054_01-o__150914.jpg
Cuba,Magnum Gold,woda toaletowa dla mężczyzn 130 ml,"32,40",https://cdn.notinoimg.com/list_2k//cuba/cubmgom_aedt10_01__150216.jpg
Cuba,Green,woda toaletowa dla mężczyzn,"16,90",https://cdn.notinoimg.com/list_2k//cuba/cubgrem_aedt20_01__140417.jpg
Atkinsons,Oud Collection His Majesty The Oud,woda perfumowana dla mężczyzn 100 ml,"943,20",https://cdn.notinoimg.com/list_2k//atkinsons/8011003867264_01-o__230131.jpg
Avon,Luck For Him,woda toaletowa dla mężczyzn 75 ml,"78,40",https://cdn.notinoimg.com/list_2k//avon/2800011117524_01-o__220211.jpg
Alyssa Ashley,Musk,woda perfumowana dla kobiet 50 ml,"126,40",https://cdn.notinoimg.com/list_2k//alyssa-ashley/3434730731731_01-o__220829.jpg
Ulric de Varens,UDV Wild,woda toaletowa dla mężczyzn,"70,70",https://cdn.notinoimg.com/list_2k//ulric-de-varens/3326240049348_01-o__210528.jpg
Valentino,Born In Roma Rockstud Noir,woda toaletowa dla mężczyzn 100 ml,"390,90",https://cdn.notinoimg.com/list_2k//valentino/3614274066944_01-o__231116.jpg
Vince Camuto,Terra Men,woda toaletowa dla mężczyzn 100 ml,"174,50",https://cdn.notinoimg.com/list_2k//vince-camuto/608940570951_01-o__190515.jpg
TOM FORD,Noir Extreme All Over Body Spray,perfumowany spray do ciała dla mężczyzn 150 ml,"218,00",https://cdn.notinoimg.com/list_2k//tom-ford/888066077446_01-o__210929.jpg
TOM FORD,Noir,woda perfumowana dla mężczyzn,"680,00",https://cdn.notinoimg.com/list_2k//tom-ford/888066015509_01-o__211026.jpg
The Different Company,Majaina,woda perfumowana unisex,"530,30",https://cdn.notinoimg.com/list_2k//the-different-company/3760033636207_01-o__180524.jpg
Brut,Brut Original,woda toaletowa dla mężczyzn 100 ml,"54,90",https://cdn.notinoimg.com/list_2k//brut/fbgorgm_aedt10_04__161031.jpg
Parfums De Marly,Perseus,woda perfumowana dla mężczyzn,"957,00",https://cdn.notinoimg.com/list_2k//parfums-de-marly/3700578502919_01-o__240229.jpg
Prada,Les Infusions: Infusion Mimosa,woda perfumowana unisex 100 ml,"516,00",https://cdn.notinoimg.com/list_2k//prada/8435137753307_01x-o__190214.jpg
Prada,Luna Rossa Ocean,zestaw upominkowy dla mężczyzn,"342,70",https://cdn.notinoimg.com/list_2k//prada/3614274111965_01-o__231115.jpg
Orientica,Xclusif Oud Bleu,ekstrakt perfum unisex 60 ml,"501,00",https://cdn.notinoimg.com/list_2k//orientica/6297001158005_01-o__230306.jpg
Pepe Jeans,Cocktail Edition,woda toaletowa dla mężczyzn 30 ml,"104,00",https://cdn.notinoimg.com/list_2k//pepe_jeans/8436581943900_01-o__240422.jpg
Mancera,Roses Jasmine,woda perfumowana unisex 120 ml,"382,00",https://cdn.notinoimg.com/list_2k//mancera/2800011278690_01n-o__150324.jpg
Mancera,Sand Aoud,woda perfumowana unisex 120 ml,"320,00",https://cdn.notinoimg.com/list_2k//mancera/2800011356596_01n-o__150323.jpg
Xerjoff,Casamorati 1888 Fiero,woda perfumowana dla mężczyzn,"351,00",https://cdn.notinoimg.com/list_2k//xerjoff/8033488153571_01-o__170309.jpg
Zadig & Voltaire,THIS IS HIM! Vibes of Freedom,woda toaletowa dla mężczyzn,"247,00",https://cdn.notinoimg.com/list_2k//zadig-voltaire/3423222048358_01__220103.jpg
Benetton,United Dreams for him Aim High,woda toaletowa dla mężczyzn 100 ml,"109,00",https://cdn.notinoimg.com/list_2k//benetton/8433982002243_01-o__160930.jpg
Façonnable,l'Original,woda toaletowa dla mężczyzn 90 ml,"94,00",https://cdn.notinoimg.com/list_2k//faconnable/3760048797696_01-o__220314.jpg
Swiss Arabian,Shaghaf Men,woda perfumowana dla mężczyzn 75 ml,"93,10",https://cdn.notinoimg.com/list_2k//swiss-arabian/sabsgfm_aedp15_03__170907.jpg
Versace,L'Homme,woda toaletowa dla mężczyzn 100 ml,"291,40",https://cdn.notinoimg.com/list_2k//versace/8018365140103_01-o__121127.jpg
Mandarina Duck,The Duckers Resort Lovers,woda toaletowa unisex 100 ml,"118,00",https://cdn.notinoimg.com/list_2k//mandarina-duck/8058045423652_01-o__220527.jpg
La Fede,Code Marron Oud,woda perfumowana unisex 100 ml,"103,80",https://cdn.notinoimg.com/list_2k//la_fede/6291107972022_01-o__230828.jpg
Rasasi,Shuhrah Pour Homme,woda perfumowana dla mężczyzn 90 ml,"124,30",https://cdn.notinoimg.com/list_2k//rasasi/614514249048_01-o__160422.jpg
Rue Broca,Pride Pour Homme,woda perfumowana dla mężczyzn 100 ml,"89,00",https://cdn.notinoimg.com/list_2k//afnan/6290171010166_01-o__210929.jpg
Salvatore Ferragamo,Uomo Casual Life,woda toaletowa dla mężczyzn 100 ml,"204,50",https://cdn.notinoimg.com/list_2k//salvatore-ferragamo/8052086372979_01-o__171106.jpg
Nasomatto,Pardon,ekstrakt perfum dla mężczyzn 30 ml,"634,40",https://cdn.notinoimg.com/list_2k//nasomatto/8717774840290_01-o__150901.jpg
Niche Emarati,Toleen,woda perfumowana unisex 80 ml,"227,50",https://cdn.notinoimg.com/list_2k//niche_emarati/6290360592084_01-o__231124.jpg
Acqua dell' Elba,Blu Men,woda perfumowana dla mężczyzn,"532,20",https://cdn.notinoimg.com/list_2k//acqua-dell-elba/8032758530678_01-o__171205.jpg
AZHA Perfumes,Lubab,woda perfumowana dla mężczyzn 100 ml,"52,90",https://cdn.notinoimg.com/list_2k//azha_perfumes/6629021040037_01-o__230522.jpg
Zarkoperfume,Ménage à Trois,woda perfumowana unisex 100 ml,"361,00",https://cdn.notinoimg.com/list_2k//zarkoperfume/5712598000328_01-o__230206.jpg
Etienne Aigner,First Class,woda toaletowa dla mężczyzn 100 ml,"130,50",https://cdn.notinoimg.com/list_2k//etienne-aigner/4013670003253_01-o__180829.jpg
Amouage,Honour,woda perfumowana dla mężczyzn,"1075,90",https://cdn.notinoimg.com/list_2k//amouage/701666314929_01-o__140922.jpg
Mercedes-Benz,Ultimate,woda perfumowana dla mężczyzn,"177,80",https://cdn.notinoimg.com/list_2k//mercedes-benz/3595471022967_01-o__230403.jpg
Mauboussin,Star For Men,woda perfumowana dla mężczyzn 90 ml,"108,60",https://cdn.notinoimg.com/list_2k//mauboussin/3760048799003_01-o__240605.jpg
Baldessarini,Signature,woda toaletowa dla mężczyzn,"135,00",https://cdn.notinoimg.com/list_2k//baldessarini/4011700908110_01-o__221103.jpg
Loewe,Solo,woda toaletowa dla mężczyzn,"439,00",https://cdn.notinoimg.com/list_2k//loewe/8426017070478_01-o__210830.jpg
Xerjoff,Alexandria Orientale,perfumy unisex 50 ml,"1085,60",https://cdn.notinoimg.com/list_2k//xerjoff/8033488157784_01-o__230523.jpg
Viktor & Rolf,Spicebomb Night Vision,woda toaletowa dla mężczyzn,"320,70",https://cdn.notinoimg.com/list_2k//viktor-rolf/3614272191556_01-o__190116.jpg
Roja Parfums,Roja,perfumy unisex 100 ml,"10 089,90",https://cdn.notinoimg.com/list_2k//roja-parfums/5060270293897_01-o__220317.jpg
Carthusia,Numero Uno,woda perfumowana dla mężczyzn,"274,00",https://cdn.notinoimg.com/list_2k//carthusia/8032790460438_01-o__210604.jpg
Carthusia,1681,woda perfumowana dla mężczyzn,"263,30",https://cdn.notinoimg.com/list_2k//carthusia/8032790463088_01-o__220228.jpg
Carthusia,Uomo,woda perfumowana dla mężczyzn,"278,20",https://cdn.notinoimg.com/list_2k//carthusia/8032790460131_01-o__220217.jpg
Oriflame,Mister Giordani Aqua,woda toaletowa dla mężczyzn 75 ml,"80,50",https://cdn.notinoimg.com/list_2k//oriflame/2800012507096_01-o__221103.jpg
Escentric Molecules,Escentric 04,woda toaletowa unisex,"407,00",https://cdn.notinoimg.com/list_2k//escentric-molecules/5060103310388_01-o__170907.jpg
Floris,Santal,woda toaletowa dla mężczyzn 100 ml,"299,70",https://cdn.notinoimg.com/list_2k//floris/886266321147_01-o__161006.jpg
Acqua dell' Elba,Essenza,woda perfumowana dla mężczyzn,"339,20",https://cdn.notinoimg.com/list_2k//acqua-dell-elba/8032758536137_01-o__210812.jpg
Acqua di Selva,Acqua di Selva,woda kolońska dla mężczyzn 200 ml,"177,50",https://cdn.notinoimg.com/list_2k//acyclostad/acqua-di-selva/aqsaqsm_aedc10_03__160509.jpg
Jacq's,Classic Pour Homme,woda kolońska dla mężczyzn 200 ml,"59,70",https://cdn.notinoimg.com/list_2k//jacqs/8410110019076_01-o__240307.jpg
Cerruti,1881 Riviera,woda toaletowa dla mężczyzn 50 ml,"140,60",https://cdn.notinoimg.com/list_2k//cerruti/3614226328120_01-o__200324.jpg
Oriflame,Eclat Nuit,woda perfumowana dla mężczyzn 75 ml,"84,00",https://cdn.notinoimg.com/list_2k//oriflame/2800011242264_01-o__220314.jpg
Roja Parfums,Elysium,perfumy dla mężczyzn 50 ml,"1353,70",https://cdn.notinoimg.com/list_2k//roja-parfums/5060399671316_01-o__230615.jpg
Superdry,Iso E Super Detroit,woda toaletowa dla mężczyzn 100 ml,"58,10",https://cdn.notinoimg.com/list_2k//superdry/5016155247042_01__210430.jpg
4711,Acqua Colonia White Peach & Coriander,woda kolońska unisex 170 ml,"118,10",https://cdn.notinoimg.com/list_2k//4711/4011700745371_01-o__180427.jpg
BULGARI,Bvlgari Man Terrae Essence,woda perfumowana dla mężczyzn,"467,50",https://cdn.notinoimg.com/list_2k//bvlgari/783320416101_01__210806.jpg
Byblos,Metal,woda toaletowa dla mężczyzn 120 ml,"93,00",https://cdn.notinoimg.com/list_2k//byblos/8007033788235_01-o__240126.jpg
Clive Christian,X,woda perfumowana dla mężczyzn 50 ml,"1083,00",https://cdn.notinoimg.com/list_2k//clive-christian/cchccxm_aedp20_03__171004.jpg
Ulric de Varens,UDV Blue,woda toaletowa dla mężczyzn,"82,40",https://cdn.notinoimg.com/list_2k//ulric-de-varens/3326240003852_01-o__210531.jpg
Angry Beards,More Jack Saloon,perfumy dla mężczyzn 100 ml,"309,90",https://cdn.notinoimg.com/list_2k//angry_beards/8594205592030_01-o__240530.jpg
Amouage,Dia,woda perfumowana dla mężczyzn,"1114,00",https://cdn.notinoimg.com/list_2k//amouage/701666300915_01-o__240419.jpg
Amouage,Imitation,woda perfumowana dla mężczyzn 100 ml,"1578,00",https://cdn.notinoimg.com/list_2k//amouage/701666320920_01-o__240424.jpg
Amouage,Memoir,woda perfumowana dla mężczyzn 100 ml,"1578,00",https://cdn.notinoimg.com/list_2k//amouage/701666313922_01-o__240424.jpg
Amouage,Purpose,woda perfumowana unisex 50 ml,"1146,00",https://cdn.notinoimg.com/list_2k//amouage/701666410478_01-o__230802.jpg
Animale,For Men,woda toaletowa dla mężczyzn 100 ml,"183,00",https://cdn.notinoimg.com/list_2k//animale/anianmm_aedt10_04__221103.jpg
Angel Schlesser,Angel Schlesser Homme,woda toaletowa dla mężczyzn 125 ml,"173,70",https://cdn.notinoimg.com/list_2k//angel-schlesser/anshomm_aedt10__121009.jpg
Ralph Lauren,Polo Green Cologne Intense,woda perfumowana dla mężczyzn 125 ml,"486,00",https://cdn.notinoimg.com/list_2k//ralph-lauren/3605972793713_01-o__240214.jpg
Swiss Arabian,Shawq,woda perfumowana unisex 100 ml,"93,10",https://cdn.notinoimg.com/list_2k//swiss-arabian/6295124033964_01-o__180503.jpg
Salvatore Ferragamo,Ferragamo Bright Leather,woda toaletowa dla mężczyzn,"218,00",https://cdn.notinoimg.com/list_2k//salvatore-ferragamo/8052464891702_01-o__230310.jpg
Sisley,Eau de Campagne,woda toaletowa unisex,"335,40",https://cdn.notinoimg.com/list_2k//sisley/3473311904027_01x-o__130211.jpg
Truefitt & Hill,1805 Cologne,woda kolońska dla mężczyzn,"180,10",https://cdn.notinoimg.com/list_2k//truefitt-hill/682940000175_01-o__190430.jpg
Beviro,Bohemian Spirit,woda toaletowa dla mężczyzn 50 ml,"239,00",https://cdn.notinoimg.com/list_2k//be-viro-mens-only/8594191204078_01-o__211210.jpg
Xerjoff,Dolce Amalfi,woda perfumowana unisex,"399,00",https://cdn.notinoimg.com/list_2k//xerjoff/8033488150112_01-o__180405.jpg
Porsche Design,Titan,woda toaletowa dla mężczyzn,"149,20",https://cdn.notinoimg.com/list_2k//porsche-design/prstitm_aedt05_01__160131.jpg
Mercedes-Benz,Club,woda toaletowa dla mężczyzn 20 ml,"68,40",https://cdn.notinoimg.com/list_2k//mercedes-benz/3595472041226_01-o__201007.jpg
Mercedes-Benz,Select,woda toaletowa dla mężczyzn 20 ml,"75,80",https://cdn.notinoimg.com/list_2k//mercedes-benz/3595471081094_01-o__201007.jpg
Mancera,Choco Violet,woda perfumowana unisex 120 ml,"389,50",https://cdn.notinoimg.com/list_2k//mancera/mcrcovu_aedp10_03-o__170712.jpg
Oriflame,Signature Generation,woda toaletowa dla mężczyzn 75 ml,"102,00",https://cdn.notinoimg.com/list_2k//oriflame/2800018209994_01-o__221201.jpg
La Fede,Code Rouge Amour,woda perfumowana unisex 100 ml,"103,80",https://cdn.notinoimg.com/list_2k//la_fede/6291107972039_01-o__230828.jpg
Parfums De Marly,Althaïr,woda perfumowana dla mężczyzn,"932,00",https://cdn.notinoimg.com/list_2k//parfums-de-marly/3700578504364_01-o__230921.jpg
Parfums De Marly,Herod,woda perfumowana dla mężczyzn,"932,00",https://cdn.notinoimg.com/list_2k//parfums-de-marly/3700578502353_01-o__231103.jpg
Pepe Jeans,Pepe Jeans For Him,woda toaletowa dla mężczyzn 30 ml,"107,10",https://cdn.notinoimg.com/list_2k//pepe_jeans/8436581940282_01-o__210120.jpg
Lorenzo Villoresi,Teint de Neige,woda toaletowa unisex,"328,50",https://cdn.notinoimg.com/list_2k//lorenzo-villoresi/8028544100996_01-o__160331.jpg
Nasomatto,Blamage,ekstrakt perfum unisex 30 ml,"624,00",https://cdn.notinoimg.com/list_2k//nasomatto/8717774840313_01-o__221104.jpg
Nautica,Classic,woda toaletowa dla mężczyzn 100 ml,"87,70",https://cdn.notinoimg.com/list_2k//nautica/nauclam_aedt__130904.jpg
Niche Emarati,Remas,woda perfumowana unisex 100 ml,"211,60",https://cdn.notinoimg.com/list_2k//niche_emarati/6290360593081_01-o__231109.jpg
Cuba,Royal Fortune,woda toaletowa dla mężczyzn,"23,80",https://cdn.notinoimg.com/list_2k//cuba/5425039222707_01-o__220725.jpg
STR8,Game,woda toaletowa dla mężczyzn,"56,60",https://cdn.notinoimg.com/list_2k//str8/5201314170327_01-o__230926.jpg
Ralph Lauren,Ralph’s Club Parfum,woda perfumowana dla mężczyzn,"285,90",https://cdn.notinoimg.com/list_2k//ralph-lauren/3605972698742_01-o__221102.jpg
Avon,Black Suede Hot,woda toaletowa dla mężczyzn 125 ml,"69,90",https://cdn.notinoimg.com/list_2k//avon/2800018186462_01__230119.jpg
Avon,Elite Gentleman Quest,woda toaletowa dla mężczyzn 75 ml,"68,90",https://cdn.notinoimg.com/list_2k//avon/2800019226969_01-o__240109.jpg
Avon,Segno,woda perfumowana dla mężczyzn 75 ml,"78,60",https://cdn.notinoimg.com/list_2k//avon/5050136402136_01-o__181203.jpg
Tom Tailor,Be Natural Men,woda toaletowa dla mężczyzn 50 ml,"104,50",https://cdn.notinoimg.com/list_2k//tom-tailor/4051395142161_01-o__221024.jpg
Ted Lapidus,Oud Blanc,woda perfumowana unisex 100 ml,"114,30",https://cdn.notinoimg.com/list_2k//ted-lapidus/teloubu_aedp10_01__160413.jpg
Vince Camuto,Solare,woda toaletowa dla mężczyzn 100 ml,"187,00",https://cdn.notinoimg.com/list_2k//vince-camuto/608940562031_01-o__230927.jpg
Mancera,Gold Aoud,woda perfumowana unisex,"369,70",https://cdn.notinoimg.com/list_2k//mancera/3760265191826_01n-o__180821.jpg
Parfums Café,Café-Café Pour Homme,woda toaletowa dla mężczyzn 100 ml,"62,50",https://cdn.notinoimg.com/list_2k//parfums-cafe/3331430190038_01-o__190215.jpg
Lattafa,Maharjan Gold,woda perfumowana unisex 100 ml,"175,80",https://cdn.notinoimg.com/list_2k//lattafa/6291108738290_01-o__221010.jpg
Al Haramain,Amber Oud Tobacco Edition,woda perfumowana unisex 100 ml,"430,80",https://cdn.notinoimg.com/list_2k//al-haramain/6291100132188_01-o__240506.jpg
Kenneth Cole,Vintage Black,woda toaletowa dla mężczyzn 100 ml,"173,20",https://cdn.notinoimg.com/list_2k//kenneth-cole/kecvibm_aedt__130111.jpg
Oriflame,Ascendant Intense,woda perfumowana dla mężczyzn 75 ml,"113,30",https://cdn.notinoimg.com/list_2k//oriflame/2800013358161_01-o__220218.jpg
Histoires De Parfums,Noir Patchouli,woda perfumowana unisex,"309,60",https://cdn.notinoimg.com/list_2k//histoires-de-parfums/hisnpau_aedp20_01__150120.jpg
Bond No. 9,Downtown Chez Bond,woda perfumowana dla mężczyzn,"757,50",https://cdn.notinoimg.com/list_2k//bond-no-9/888874000599_01-o__141110.jpg
Nautica,Blue Ambition,woda toaletowa dla mężczyzn 100 ml,"91,90",https://cdn.notinoimg.com/list_2k//nautica/3614227853492_01-o__221004.jpg
Avon,Elite Gentleman Absolute Santal,woda toaletowa dla mężczyzn 50 ml,"69,80",https://cdn.notinoimg.com/list_2k//avon/2800018186455_01__230119.jpg
Ralph Lauren,Polo Sport Fresh,woda toaletowa dla mężczyzn 125 ml,"211,20",https://cdn.notinoimg.com/list_2k//ralph-lauren/3605972455338_01-o__231220.jpg
Issey Miyake,L'Eau d'Issey Pour Homme,zestaw upominkowy dla mężczyzn,"348,50",https://cdn.notinoimg.com/list_2k//issey-miyake/3423222092917_01__230713.jpg
Comptoir Sud Pacifique,Coco Extreme,woda toaletowa unisex,"274,70",https://cdn.notinoimg.com/list_2k//comptoir-sud-pacifique/708123521722_01-o__150219.jpg
Kenneth Cole,Blue,woda toaletowa dla mężczyzn 100 ml,"165,30",https://cdn.notinoimg.com/list_2k//kenneth-cole/kecblum_aedt10_03__160609.jpg
Oriflame,So Fever Together,woda toaletowa dla mężczyzn 75 ml,"69,80",https://cdn.notinoimg.com/list_2k//oriflame/2800017335939_01-o__190801.jpg
Chanel,Allure Homme Sport Cologne,woda kolońska (1x napełnialny + 2x napełnienie) dla mężczyzn 2x20 ml,"564,60",https://cdn.notinoimg.com/list_2k//chanel/3145891233001_01-o__190807.jpg
Nasomatto,Nudiflorum,ekstrakt perfum unisex 30 ml,"586,70",https://cdn.notinoimg.com/list_2k//nasomatto/8717774840337_01-o__190820.jpg
Kenneth Cole,Copper Black,woda toaletowa dla mężczyzn 100 ml,"172,00",https://cdn.notinoimg.com/list_2k//kenneth-cole/608940580929_01-o__221011.jpg
Kenneth Cole,For Him,woda toaletowa dla mężczyzn 100 ml,"136,70",https://cdn.notinoimg.com/list_2k//kenneth-cole/608940573853_01-o__180711.jpg
Creed,Bois Du Portugal,woda perfumowana dla mężczyzn,"1096,50",https://cdn.notinoimg.com/list_2k//creed/3508440505002_01-o__190606.jpg
Unique'e Luxury,Hidden Accords,ekstrakt perfum unisex 100 ml,"729,60",https://cdn.notinoimg.com/list_2k//uniquee_luxury/8681925004742_01-o__230502.jpg
Armaf,Excellus,woda perfumowana dla mężczyzn 100 ml,"168,00",https://cdn.notinoimg.com/list_2k//armaf/6085010093734_01-o__200203.jpg
Lattafa,Safwaan L'autre Musk,woda perfumowana unisex 100 ml,"114,40",https://cdn.notinoimg.com/list_2k//lattafa/6290360590141_01-o__230214.jpg
Reebok,Inspire Your Mind,zestaw upominkowy dla mężczyzn,"71,30",https://cdn.notinoimg.com/list_2k//reebok/8436581946284_01-o__220809.jpg
Zimaya,Luxor,woda perfumowana unisex 100 ml,"87,60",https://cdn.notinoimg.com/list_2k//zimaya/6290171072898_01-o__230320.jpg
Chopard,Cedar Malaki,woda perfumowana dla mężczyzn 80 ml,"363,60",https://cdn.notinoimg.com/list_2k//chopard/7640177360656_01-o__230519.jpg
Lattafa,Pride Art of Arabia II,woda perfumowana unisex 100 ml,"244,60",https://cdn.notinoimg.com/list_2k//lattafa/6290360591964_01-o__240318.jpg
Roja Parfums,Elysium Parfum Cologne,woda kolońska dla mężczyzn 100 ml,"1324,00",https://cdn.notinoimg.com/list_2k//roja-parfums/5060399670272_01-o__230622.jpg
Diptyque,Eau Duelle,woda perfumowana unisex 75 ml,"778,00",https://cdn.notinoimg.com/list_2k//diptyque/dipeadu_aedp10_01__160518.jpg
Khadlaj,Le Prestige Royal,woda perfumowana unisex 100 ml,"324,00",https://cdn.notinoimg.com/list_2k//khadlaj/6291107975931_01-o__240409.jpg
Benetton,United Dreams for him Together,woda toaletowa dla mężczyzn,"72,00",https://cdn.notinoimg.com/list_2k//benetton/8433982016462_01-o__220221.jpg
Aurora,Sailor Silver,woda perfumowana dla mężczyzn 100 ml,"197,00",https://cdn.notinoimg.com/list_2k//aurora/3838773244533_01-o__230713.jpg
Tommy Hilfiger,Impact Spark,woda toaletowa dla mężczyzn,"190,10",https://cdn.notinoimg.com/list_2k//tommy-hilfiger/022548435649_01-o__220414.jpg
Oriflame,Venture Power,woda toaletowa dla mężczyzn 100 ml,"53,50",https://cdn.notinoimg.com/list_2k//oriflame/2800018853098_01-o__230809.jpg
Truefitt & Hill,Trafalgar Cologne,woda kolońska dla mężczyzn 100 ml,"291,00",https://cdn.notinoimg.com/list_2k//truefitt-hill/682940000007_01-o__190430.jpg
Bottega Verde,Black Amber,woda toaletowa dla mężczyzn 50 ml,"70,00",https://cdn.notinoimg.com/list_2k//bottega_verde/8053732058483_01-o__240116.jpg
Instituto Español,Poseidon Classic,woda toaletowa dla mężczyzn 150 ml,"52,50",https://cdn.notinoimg.com/list_2k//instituto_espanol/8411047151143_01-o__240118.jpg
Taylor of Old Bond Street,Eton College Collection,woda kolońska dla mężczyzn 100 ml,"190,00",https://cdn.notinoimg.com/list_2k//taylor-of-old-bond-street/4031683451663_02-o__181016.jpg
Rasasi,Abyan for Men,woda perfumowana dla mężczyzn 95 ml,"84,00",https://cdn.notinoimg.com/list_2k//rasasi/614514188019_01-o__121022.jpg
Loewe,Agua,woda toaletowa unisex,"370,40",https://cdn.notinoimg.com/list_2k//loewe/8426017066440xx_01-o__130904.jpg
Roccobarocco,My Sir,woda perfumowana dla mężczyzn 100 ml,"117,90",https://cdn.notinoimg.com/list_2k//roccobarocco/8011889077016_01-o__230215.jpg
Chanel,Bleu de Chanel,woda toaletowa uzupełnienie dla mężczyzn 3 x 20 ml,"476,30",https://cdn.notinoimg.com/list_2k//chanel/3145891078107_01-o__140410.jpg
Armaf,Ego Tigre,woda perfumowana dla mężczyzn 100 ml,"173,30",https://cdn.notinoimg.com/list_2k//armaf/6294015155631_01-o__230403.jpg
Armaf,Eternia Man Limited Edition,woda perfumowana dla mężczyzn 80 ml,"108,20",https://cdn.notinoimg.com/list_2k//armaf/6294015139846_01-o__220404.jpg
Armaf,Voyage Titan,woda perfumowana dla mężczyzn 100 ml,"130,50",https://cdn.notinoimg.com/list_2k//armaf/6294015161519_01-o__231205.jpg
Armaf,Radical Brown,woda perfumowana dla mężczyzn 100 ml,"164,30",https://cdn.notinoimg.com/list_2k//armaf/6294015107128_01-o__200203.jpg
Armaf,Tag Him,woda perfumowana dla mężczyzn 100 ml,"210,00",https://cdn.notinoimg.com/list_2k//armaf/2800017851590_01-o__200114.jpg
Armaf,Art Du Parfum,woda perfumowana dla mężczyzn 100 ml,"136,90",https://cdn.notinoimg.com/list_2k//armaf/6294015155686_01-o__221125.jpg
Asombroso by Osmany Laffita,The Dream for Man,woda perfumowana dla mężczyzn,"281,00",https://cdn.notinoimg.com/list_2k//asombroso-by-osmany-laffita/8594192756194_01-o__230720.jpg
Asombroso by Osmany Laffita,The Noble for Man,woda perfumowana dla mężczyzn,"281,00",https://cdn.notinoimg.com/list_2k//asombroso-by-osmany-laffita/8594192756255_01-o__230720.jpg
Aurora,Aroma II,woda perfumowana dla mężczyzn 100 ml,"285,00",https://cdn.notinoimg.com/list_2k//aurora/3538781244018_01-o__230713.jpg
Aurora,Aroma IV,woda perfumowana dla mężczyzn 100 ml,"285,00",https://cdn.notinoimg.com/list_2k//aurora/3838787284538_01-o__231212.jpg
Aurora,Aroma IX,woda perfumowana dla mężczyzn 100 ml,"285,00",https://cdn.notinoimg.com/list_2k//aurora/8456007792455_01-o__231212.jpg
Aurora,Aroma V,woda perfumowana dla mężczyzn 100 ml,"285,00",https://cdn.notinoimg.com/list_2k//aurora/3838797284532_01-o__231212.jpg
Aurora,Black Elixir,woda perfumowana dla mężczyzn 100 ml,"479,00",https://cdn.notinoimg.com/list_2k//aurora/3538782244017_01-o__230714.jpg
Aurora,Elixir,woda perfumowana dla mężczyzn 100 ml,"337,00",https://cdn.notinoimg.com/list_2k//aurora/3538783244018_01-o__230714.jpg
Aurora,Explorer Black,woda perfumowana dla mężczyzn 100 ml,"197,00",https://cdn.notinoimg.com/list_2k//aurora/3838788244538_01-o__231212.jpg
Aurora,Gold Calacatta,woda perfumowana unisex 100 ml,"182,00",https://cdn.notinoimg.com/list_2k//aurora/6290360541181_01-o__231212.jpg
Aurora,Cuban Insence,woda perfumowana unisex 100 ml,"285,00",https://cdn.notinoimg.com/list_2k//aurora/3834345700247_01-o__230717.jpg
Aurora,Black Marquina,woda perfumowana unisex 100 ml,"182,00",https://cdn.notinoimg.com/list_2k//aurora/6290360541211_01-o__230714.jpg
Aurora,Oud De Immortal,woda perfumowana dla mężczyzn 100 ml,"337,00",https://cdn.notinoimg.com/list_2k//aurora/3538784844015_01-o__230714.jpg
Aurora,Epic Oud,woda perfumowana dla mężczyzn 100 ml,"171,00",https://cdn.notinoimg.com/list_2k//aurora/3838787224538_01-o__230717.jpg
Aurora,Black Python,woda perfumowana unisex 100 ml,"337,00",https://cdn.notinoimg.com/list_2k//aurora/6290360541143_01-o__230717.jpg
Aurora,Saffron Extrait,woda perfumowana unisex 100 ml,"337,00",https://cdn.notinoimg.com/list_2k//aurora/6290360541150_01-o__230717.jpg
Aurora,Explorer Silver,woda perfumowana dla mężczyzn 100 ml,"197,00",https://cdn.notinoimg.com/list_2k//aurora/3838789244534_01-o__230713.jpg
Aurora,Voyager Black,woda perfumowana dla mężczyzn 100 ml,"197,00",https://cdn.notinoimg.com/list_2k//aurora/6290360540061_01-o__230713.jpg
Fragrance Du Bois,Oud Rose Intense,perfumy unisex 100 ml,"2410,00",https://cdn.notinoimg.com/list_2k//fragrance_du_bois/5081304300978_01-o__230504.jpg
Fragrance Du Bois,Santal Complet,perfumy unisex 100 ml,"1173,00",https://cdn.notinoimg.com/list_2k//fragrance_du_bois/5081304302330_01-o__230505.jpg
Fragrance Du Bois,Secret Tryst,ekstrakt perfum unisex 100 ml,"1429,00",https://cdn.notinoimg.com/list_2k//fragrance_du_bois/5065009151028_01-o__230504.jpg
Eutopie,No. 2,woda perfumowana unisex 100 ml,"742,00",https://cdn.notinoimg.com/list_2k//eutopie/3760224770024_01-o__190813.jpg
Eutopie,No. 6,woda perfumowana unisex 100 ml,"742,00",https://cdn.notinoimg.com/list_2k//eutopie/3760224770093_01-o__190813.jpg
Eutopie,No. 9,woda perfumowana unisex 100 ml,"742,00",https://cdn.notinoimg.com/list_2k//eutopie/3760224770161_01-o__190813.jpg
Etro,Ambra,woda toaletowa unisex 100 ml,"527,40",https://cdn.notinoimg.com/list_2k//etro/8026247603059_01-o__151030.jpg
Etro,Heliotrope,woda toaletowa unisex,"527,40",https://cdn.notinoimg.com/list_2k//etro/8026247603035_01-o__151030.jpg
Etro,Magot,woda toaletowa unisex 100 ml,"527,40",https://cdn.notinoimg.com/list_2k//etro/8026247603097_01-o__160623.jpg
Etro,Messe de Minuit,woda toaletowa unisex 100 ml,"527,40",https://cdn.notinoimg.com/list_2k//etro/8026247603073_01-o__151030.jpg
Etro,Musk,woda toaletowa unisex,"400,50",https://cdn.notinoimg.com/list_2k//etro/8026247003156_01-o__160726.jpg
Etro,Pegaso,woda toaletowa unisex,"400,50",https://cdn.notinoimg.com/list_2k//etro/8026247003187_01-o__160725.jpg
Etro,Sandalo,woda toaletowa unisex 100 ml,"527,40",https://cdn.notinoimg.com/list_2k//etro/etrsanu_aedt10_03__151030.jpg
Etro,Lemon Sorbet,woda toaletowa unisex 100 ml,"527,40",https://cdn.notinoimg.com/list_2k//etro/etrsoru_aedt10_03__151030.jpg
Etro,New Tradition,woda toaletowa unisex 100 ml,"527,40",https://cdn.notinoimg.com/list_2k//etro/8026247003149_01-o__160725.jpg
Etro,Vetiver,woda toaletowa unisex 100 ml,"527,40",https://cdn.notinoimg.com/list_2k//etro/etrveru_aedt10_03__151030.jpg
Etro,Via Verri,woda toaletowa unisex 50 ml,"400,50",https://cdn.notinoimg.com/list_2k//etro/8026247602205_01-o__160725.jpg
Diesel,Spirit of the Brave,woda toaletowa dla mężczyzn 35 ml,"177,00",https://cdn.notinoimg.com/list_2k//diesel/3614272631892_01-o__190516.jpg
Eye of Love,UNSCENTED MALE with pheromones for men,perfumy z feromonami dla mężczyzn 10 ml,"81,50",https://cdn.notinoimg.com/list_2k//eye_of_love/818141011126_01-o__231030.jpg
Eisenberg,Eau Fraîche,woda perfumowana dla mężczyzn,"293,00",https://cdn.notinoimg.com/list_2k//eisenberg/3259550301250_01-o__240315.jpg
Eisenberg,Le Péché,woda perfumowana dla mężczyzn,"293,00",https://cdn.notinoimg.com/list_2k//eisenberg/3259550501452_01-o__240315.jpg
Eisenberg,Secret IV Rituel d'Orient,woda perfumowana dla mężczyzn,"491,00",https://cdn.notinoimg.com/list_2k//eisenberg/3259551007717_01-o__180206.jpg
Eisenberg,Secret II Bois Precieux,woda perfumowana dla mężczyzn,"491,00",https://cdn.notinoimg.com/list_2k//eisenberg/3259551007694_01-o__180206.jpg
Etat Libre d’Orange,Cologne,woda perfumowana unisex,"396,00",https://cdn.notinoimg.com/list_2k//etat-libre-dorange/3760168591174_01-o__150109.jpg
Versace,Eros,woda perfumowana dla mężczyzn,"290,50",https://cdn.notinoimg.com/list_2k//versace/8011003861224_01-o__201025.jpg
Le Chameau,Big Ben London Noir,woda perfumowana dla mężczyzn 85 ml,"210,00",https://cdn.notinoimg.com/list_2k//le_chameau/6291108525852_01-o__240424.jpg
Mary Kay,Domain,woda kolońska dla mężczyzn 73 ml,"154,40",https://cdn.notinoimg.com/list_2k//mary-kay/2813243304075_01-o__240506.jpg
Rifaat,Aarash,woda perfumowana unisex 75 ml,"91,00",https://cdn.notinoimg.com/list_2k//rifaat/6297000426648_01-o__230828.jpg
Rifaat,Golden Oud,woda perfumowana unisex 75 ml,"109,00",https://cdn.notinoimg.com/list_2k//rifaat/6297000426679_01-o__230828.jpg
Rifaat,Our Heritage,woda perfumowana unisex 75 ml,"91,00",https://cdn.notinoimg.com/list_2k//rifaat/6297000426662_01-o__230828.jpg
Rifaat,Oud Al Intaj,woda perfumowana unisex 75 ml,"91,00",https://cdn.notinoimg.com/list_2k//rifaat/6297000426655_01-o__230828.jpg
Rifaat,Mahfar,woda perfumowana unisex 75 ml,"91,00",https://cdn.notinoimg.com/list_2k//rifaat/6297000426631_01-o__230828.jpg
Roja Parfums,Scandal Parfum Cologne,woda kolońska dla mężczyzn 100 ml,"1324,00",https://cdn.notinoimg.com/list_2k//roja-parfums/5060370916894_01-o__230116.jpg
Roja Parfums,Reckless,perfumy dla mężczyzn 50 ml,"1735,30",https://cdn.notinoimg.com/list_2k//roja-parfums/5060270295631_01-o__220317.jpg
Roja Parfums,Scandal,perfumy dla mężczyzn 50 ml,"1385,00",https://cdn.notinoimg.com/list_2k//roja-parfums/5060270292227_01-o__230315.jpg
Rochas,Eau de Rochas Homme,woda toaletowa dla mężczyzn,"168,60",https://cdn.notinoimg.com/list_2k//rochas/3139420002497_01-o__220907.jpg
RUF,Taboo EPICURIEN Sensual Fragrance For Him,woda toaletowa z feromonami dla mężczyzn 50 ml,"76,00",https://cdn.notinoimg.com/list_2k//ruf/3548960020722_01-o__231016.jpg
RUF,Taboo LIBERTIN Sensual Fragrance For Him,woda toaletowa z feromonami dla mężczyzn 50 ml,"92,20",https://cdn.notinoimg.com/list_2k//ruf/3548960020715_01-o__231016.jpg
RUF,Taboo EQUIVOQUE for him and her,woda toaletowa unisex 50 ml,"82,00",https://cdn.notinoimg.com/list_2k//ruf/3548960020913_01-o__231016.jpg
Swiss Arabian,Dehn Al Oodh Malaki,woda perfumowana dla mężczyzn 100 ml,"221,40",https://cdn.notinoimg.com/list_2k//swiss-arabian/sabdomm_aedp10_03__170908.jpg
Swiss Arabian,Edge,woda toaletowa dla mężczyzn 100 ml,"149,00",https://cdn.notinoimg.com/list_2k//swiss-arabian/6295124009761_01-o__220627.jpg
Swiss Arabian,Kashkha,olejek perfumowany unisex 20 ml,"168,20",https://cdn.notinoimg.com/list_2k//swiss-arabian/sabkasu_apol10_03__170111.jpg
Swiss Arabian,Passion of Venice,ekstrakt perfum unisex 100 ml,"376,20",https://cdn.notinoimg.com/list_2k//swiss-arabian/6295124042782_01-o__230516.jpg
Swiss Arabian,Rose Malaki,olejek perfumowany unisex 25 ml,"180,20",https://cdn.notinoimg.com/list_2k//swiss-arabian/6295124037634_01-o__240606.jpg
Sapil,Laheeb,woda perfumowana unisex 100 ml,"54,90",https://cdn.notinoimg.com/list_2k//sapil/6295124039546_01-o__230321.jpg
Sapil,Nice Feelings Black,woda toaletowa dla mężczyzn 75 ml,"54,60",https://cdn.notinoimg.com/list_2k//sapil/sapnfbm_aedt10_03__161213.jpg
Sapil,Solid,woda toaletowa dla mężczyzn 100 ml,"71,20",https://cdn.notinoimg.com/list_2k//sapil/sapsolm_aedt10_02__161107.jpg
Scentsations,Jazzy,woda perfumowana unisex 100 ml,"121,00",https://cdn.notinoimg.com/list_2k//scentsations/6297000426129_01-o__230829.jpg
Scentsations,Wild Noir,woda perfumowana dla mężczyzn 100 ml,"85,00",https://cdn.notinoimg.com/list_2k//scentsations/6297000426983_01-o__230829.jpg
Bond No. 9,Dubai Gold,woda perfumowana unisex 100 ml,"1715,00",https://cdn.notinoimg.com/list_2k//bond-no-9/888874005846_01-o__230509.jpg
Bond No. 9,New York Beaches Hamptons,woda perfumowana unisex 100 ml,"1182,60",https://cdn.notinoimg.com/list_2k//bond-no-9/890766233008_01-o__230330.jpg
Bond No. 9,Downtown High Line,woda perfumowana unisex 100 ml,"1115,10",https://cdn.notinoimg.com/list_2k//bond-no-9/888874002159_01-o__130820.jpg
Bond No. 9,Uptown New York Patchouli,woda perfumowana unisex 100 ml,"1287,20",https://cdn.notinoimg.com/list_2k//bond-no-9/bonnypu_aedp10_03__161201.jpg
Bond No. 9,Uptown Riverside Drive,woda perfumowana dla mężczyzn 100 ml,"1019,80",https://cdn.notinoimg.com/list_2k//bond-no-9/bonrsdm_aedp10-01__130815.jpg
Tiziana Terenzi,Adhil Assoluto,ekstrakt perfum unisex 100 ml,"3891,00",https://cdn.notinoimg.com/list_2k//tiziana-terenzi/8016741042492_01-o__170807.jpg
Tiziana Terenzi,Gold Arethusa,ekstrakt perfum unisex 100 ml,"979,00",https://cdn.notinoimg.com/list_2k//tiziana-terenzi/8016741992384_01-o__150915.jpg
Tiziana Terenzi,Luna Cassiopea,ekstrakt perfum unisex 100 ml,"1328,00",https://cdn.notinoimg.com/list_2k//tiziana-terenzi/8016741642432_01-o__160309.jpg
Tiziana Terenzi,Delox,ekstrakt perfum unisex 100 ml,"979,00",https://cdn.notinoimg.com/list_2k//tiziana-terenzi/8016741882517_01-o__180711.jpg
Tiziana Terenzi,Dubhe Assoluto,ekstrakt perfum unisex 100 ml,"3891,00",https://cdn.notinoimg.com/list_2k//tiziana-terenzi/8016741602511_01-o__170807.jpg
Tiziana Terenzi,Eclix,ekstrakt perfum unisex 100 ml,"1538,00",https://cdn.notinoimg.com/list_2k//tiziana-terenzi/8016741162534_03-o__180105.jpg
Tiziana Terenzi,Foconero,woda perfumowana unisex 100 ml,"979,00",https://cdn.notinoimg.com/list_2k//tiziana-terenzi/8016741132537_01-o__180726.jpg
Tiziana Terenzi,Gold Rose Oudh,ekstrakt perfum unisex 100 ml,"979,00",https://cdn.notinoimg.com/list_2k//tiziana-terenzi/8016741972249_01-o__150116.jpg
Tiziana Terenzi,Chimaera Extrait De Parfum,ekstrakt perfum unisex 100 ml,"1934,00",https://cdn.notinoimg.com/list_2k//tiziana-terenzi/8016741052538_01-o__151130.jpg
Tiziana Terenzi,Gold Lillipur,ekstrakt perfum unisex 100 ml,"979,00",https://cdn.notinoimg.com/list_2k//tiziana-terenzi/8016741122323_01-o__150116.jpg
Tiziana Terenzi,Saiph,ekstrakt perfum unisex 100 ml,"2120,00",https://cdn.notinoimg.com/list_2k//tiziana-terenzi/8016741332517_01-o__171114.jpg
Tiziana Terenzi,Tabit,ekstrakt perfum unisex 100 ml,"2120,00",https://cdn.notinoimg.com/list_2k//tiziana-terenzi/8016741342516_01-o__171114.jpg
Tiziana Terenzi,Tyl Assoluto,ekstrakt perfum unisex 100 ml,"3891,00",https://cdn.notinoimg.com/list_2k//tiziana-terenzi/8016741052491_01-o__170807.jpg
Tiziana Terenzi,Luna Ursa Major,ekstrakt perfum unisex 100 ml,"1328,00",https://cdn.notinoimg.com/list_2k//tiziana-terenzi/8016741652431_01-o__160310.jpg
Tiziana Terenzi,Vele,ekstrakt perfum unisex 100 ml,"1328,00",https://cdn.notinoimg.com/list_2k//tiziana-terenzi/8016741142536_01-o__180710.jpg
Tiziana Terenzi,Gold White Fire,ekstrakt perfum unisex 100 ml,"979,00",https://cdn.notinoimg.com/list_2k//tiziana-terenzi/8016741962202_01-o__150116.jpg
Tiziana Terenzi,Black XIX March,ekstrakt perfum unisex 100 ml,"979,00",https://cdn.notinoimg.com/list_2k//tiziana-terenzi/8016741972201_01-o__150116.jpg
Sospiro,Liberto,woda perfumowana unisex 100 ml,"1201,00",https://cdn.notinoimg.com/list_2k//sospiro/3770009763837_01-o__230516.jpg
SANTINI Cosmetic,Daniell,woda perfumowana dla mężczyzn 50 ml,"56,10",https://cdn.notinoimg.com/list_2k//santini-cosmetic/8594175490381_01x-o__181119.jpg
